province,city_or_municipality,position,name,nickname,party_affiliation,votes_obtained
Aklan,Altavas,Mayor,"Refol, Kathryne Bulacan",Bebot,Lakas-Kampi,6111
Aklan,Altavas,Mayor,"Cordero, Noemi Calizo",Bubut,-,7243
Aklan,Altavas,Vice-Mayor,"Gervacio, Guillermo Dalida",Mimi,Lakas-Christian Muslim Democrats,5980
Aklan,Altavas,Councilor,"David, Rodelle John Lim",Cano,Lakas-Kampi,4133
Aklan,Altavas,Councilor,"Gregorio, Adrian Mac Refol",Bebot,Lakas-Kampi,4144
Aklan,Altavas,Councilor,"Dalida, Donald Pador",Donald,Nacionalista Party,4305
Aklan,Altavas,Councilor,"Celestino, Alfredo Agustin",Panit,Lakas-Christian Muslim Democrats,4350
Aklan,Altavas,Councilor,"Solita, Joly Andres",Toto,Lakas-Christian Muslim Democrats,5150
Aklan,Altavas,Councilor,"Basea, Jun-Jun  Anzon",Jun,-,3912
Aklan,Altavas,Councilor,"Villas, Jonathan Son",Athan,Lakas-Kampi,5181
Aklan,Altavas,Councilor,"Inocencio, Confesor Alvero",Confe,Lakas-Christian Muslim Democrats,4000
Aklan,Balete,Vice-Mayor,"Rodriguez, Rizal Jr. Gonzales",Ric,Nacionalista Party,7429
Aklan,Balete,Councilor,"Villanueva, Evelyn Victoriano",Nene,Nacionalista Party,6291
Aklan,Balete,Councilor,"Balleza, Paulino Jr. Poblador",Paul,Nacionalista Party,4737
Aklan,Balete,Councilor,"Bantigue, Inocentes Jr. Fernandez",Nono,Nacionalista Party,5633
Aklan,Balete,Councilor,"Cuales, Angeles Iguban",Angie,United Nationalist Alliance,5626
Aklan,Balete,Councilor,"Lachica, Cipriano Legaspi",Peri,Nacionalista Party,5506
Aklan,Balete,Councilor,"Feliciano, Ciriaco Tolentino",Acoy,Nacionalista Party,5276
Aklan,Balete,Councilor,"Requero, Elvis Sarabia",Bobby,Nacionalista Party,5241
Aklan,Balete,Councilor,"Recidoro, Peter Cariscal",Pete,Nacionalista Party,5145
Aklan,Banga,Mayor,"Maming, Antonio Tuma-Ob",Antong,Nacionalista Party,7336
Aklan,Banga,Vice-Mayor,"Rentillo, Melanio Jr. Malacaman",Milan,-,5501
Aklan,Banga,Councilor,"Redison, Noel Lipana",Boy,Lakas-Kampi,4305
Aklan,Banga,Councilor,"Piolo, Rosemarie Seraspi",Rose,United Opposition,4267
Aklan,Banga,Councilor,"Morales, Jonna Iguban",Torres,-,5515
Aklan,Banga,Councilor,"Macahilig, Stanley Leigh Gonzales",Toto,Liberal Party,4386
Aklan,Banga,Councilor,"Rata, Josel Manzanares",Sel,Lakas-Kampi,4972
Aklan,Banga,Councilor,"Seraspi, Vicente Jr. Rodrigo",Tibo,Lakas-Christian Muslim Democrats,4844
Aklan,Banga,Councilor,"Sta Maria, Rodolfo Roque",Rudy,Lakas-Kampi,4506
Aklan,Banga,Councilor,"Guarino, Gelacio Rebaldo",Lasyo,Liberal Party,5224
Aklan,Batan,Mayor,"Ramos, Delfina Romo",Nene,Lakas-Kampi,8547
Aklan,Batan,Vice-Mayor,"Demeterio, Jayner Laurente",Bodong,Lakas-Christian Muslim Democrats,7855
Aklan,Batan,Councilor,"Placer, Medardo Salazar",Medard,Liberal Party,3687
Aklan,Batan,Councilor,"Salvador, Norberto Parco",Norbing,Lakas-Kampi,3954
Aklan,Batan,Councilor,"Sarceno, Adonis Balbino",Nis,Lakas-Kampi,4785
Aklan,Batan,Councilor,"Sugapong, Gloria Pacis",Dede,Lakas-Christian Muslim Democrats,4789
Aklan,Batan,Councilor,"Salazar, Jairus Concepcion",Dongdong,Lakas-Christian Muslim Democrats,5114
Aklan,Batan,Councilor,"Bautista, William De Pedro",Toto,Lakas-Christian Muslim Democrats,5253
Aklan,Batan,Councilor,"Fulgencio , Eugenio JB Jr. Sucgang",Jb,Lakas-Christian Muslim Democrats,5281
Aklan,Batan,Councilor,"Cortes, Cezar Concepcion",Cezar,Lakas-Kampi,5587
Aklan,Buruanga,Mayor,"Labindao, Quezon Franco",Engineer Quezon,Lakas-Kampi,3972
Aklan,Buruanga,Vice-Mayor,"Obrique, Dexterio Salido",Dex,-,3947
Aklan,Buruanga,Councilor,"Dagohoy , Allan Prado",Nonoy Allan,Lakas-Kampi,3259
Aklan,Buruanga,Councilor,"Obrique, Robert Melgarejo",Boy Tasyong,United Opposition,2522
Aklan,Buruanga,Councilor,"Iguiron, Renato Labindao",Atoy,Lakas-Kampi,2673
Aklan,Buruanga,Councilor,"Prado, Nelson Sr. Acosta",Nelson Otoy,Lakas-Christian Muslim Democrats,2922
Aklan,Buruanga,Councilor,"Prado, Rene Samar",Boy Rene,United Opposition,3074
Aklan,Buruanga,Councilor,"Malayas, Joeven Quinones",Joeven,United Opposition,3143
Aklan,Buruanga,Councilor,"Sualog, Benito Jr. Patricio",Nonoy Benito,United Opposition,3190
Aklan,Buruanga,Councilor,"Sualog, Victor Brian Delos Reyes",Wawang,Lakas-Christian Muslim Democrats,3438
Aklan,Ibajay,Mayor,"Miraflores, Ma Lourdes Martin",Lulu,Lakas-Kampi,9631
Aklan,Ibajay,Vice-Mayor,"Santa Maria, Nelson Dalisay",Sm,Lakas-Kampi,11962
Aklan,Ibajay,Councilor,"Ascano, Mabini Mangilaya",Benny,Lakas-Kampi,7765
Aklan,Ibajay,Councilor,"Solidum, Plaridel Mangilaya",Larry,Lakas-Kampi,9696
Aklan,Ibajay,Councilor,"Orencio, Ainor Dailisan",Nor,Lakas-Kampi,6101
Aklan,Ibajay,Councilor,"Tabanar, Beldad Soledad",Nene,-,6162
Aklan,Ibajay,Councilor,"Garcia, Victor Manuel Minfort",Vic,Lakas-Kampi,6275
Aklan,Ibajay,Councilor,"Maagma, Salvador Salido",Saldy,Lakas-Kampi,7388
Aklan,Ibajay,Councilor,"Belinario, Tadeo Mangilog",-,Lakas-Kampi,6054
Aklan,Ibajay,Councilor,"Alag, Ariel Masangkay",Aying,Lakas-Kampi,7620
Aklan,Kalibo,Mayor,"Rebaldo, Raymar Acevedo",Boyet,-,13468
Aklan,Kalibo,Vice-Mayor,"Tambong, Nilda Buyoc",Nil,-,16856
Aklan,Kalibo,Councilor,"Reyes, Ronce Malic",Toto,-,9245
Aklan,Kalibo,Councilor,"Quimpo, Mark Vega",Mark,-,14320
Aklan,Kalibo,Councilor,"Tirol, Lilian Quimpo",Baby,-,12710
Aklan,Kalibo,Councilor,"Lao, Peter Jene Nidula",Boy,-,10805
Aklan,Kalibo,Councilor,"Malapad, Gregorio Jr. Reyes",Greg,-,11781
Aklan,Kalibo,Councilor,"Regalado, Madeline Ang",Mads,-,11993
Aklan,Kalibo,Councilor,"Dela Cruz, Emmanuel Soviet Russia Aguirre",Soviet,-,12545
Aklan,Kalibo,Councilor,"Villanueva, Buencamino Fernandez",Mino,-,9160
Aklan,Lezo,Mayor,"Fernandez, Victor Leyson",Vic,Lakas-Kampi,3269
Aklan,Lezo,Vice-Mayor,"Buenaflor, Philip John Bernaldo",Philip,Liberal Party,3036
Aklan,Lezo,Councilor,"Revestir, Arnold Legaspi",Nold,Lakas-Kampi,2518
Aklan,Lezo,Councilor,"Taran, Rodulfo Macahito",Ompong,Lakas-Kampi,2551
Aklan,Lezo,Councilor,"Arcenio, Conrado Mostajo",Toto,Nacionalista Party,2571
Aklan,Lezo,Councilor,"Villarubia, George Rescate",George,Lakas-Christian Muslim Democrats,2660
Aklan,Lezo,Councilor,"Sabar, Lucrecia Lirio",Lucring,Lakas-Christian Muslim Democrats,2679
Aklan,Lezo,Councilor,"Motus, Serafin Jr. De Jose",Junior,Lakas-Kampi,2474
Aklan,Lezo,Councilor,"Baldomero, Fernando Ingeniero",Nanding,Lakas-Christian Muslim Democrats,2487
Aklan,Lezo,Councilor,"Ibabao, Webster Apolonio Roldan",Webster,Lakas-Christian Muslim Democrats,2679
Aklan,Libacao,Mayor,"Fernandez, Victor Leyson",Vic,Lakas-Kampi,3269
Aklan,Libacao,Vice-Mayor,"Buenaflor, Philip John Bernaldo",Philip,Liberal Party,3036
Aklan,Libacao,Councilor,"Revestir, Arnold Legaspi",Nold,Lakas-Kampi,2518
Aklan,Libacao,Councilor,"Taran, Rodulfo Macahito",Ompong,Lakas-Kampi,2551
Aklan,Libacao,Councilor,"Arcenio, Conrado Mostajo",Toto,Nacionalista Party,2571
Aklan,Libacao,Councilor,"Villarubia, George Rescate",George,Lakas-Christian Muslim Democrats,2660
Aklan,Libacao,Councilor,"Sabar, Lucrecia Lirio",Lucring,Lakas-Christian Muslim Democrats,2679
Aklan,Libacao,Councilor,"Motus, Serafin Jr. De Jose",Junior,Lakas-Kampi,2474
Aklan,Libacao,Councilor,"Baldomero, Fernando Ingeniero",Nanding,Lakas-Christian Muslim Democrats,2487
Aklan,Libacao,Councilor,"Ibabao, Webster Apolonio Roldan",Webster,Lakas-Christian Muslim Democrats,2679
Aklan,Madalag,Mayor,"Gubatina, Rex Tupas",Rex,Lakas-Kampi,4255
Aklan,Madalag,Vice-Mayor,"Inosanto, Orlando Rebustes",Lando,Lakas-Christian Muslim Democrats,4579
Aklan,Madalag,Councilor,"Inosanto, Fanny Nadua",Fanny,Lakas-Christian Muslim Democrats,3047
Aklan,Madalag,Councilor,"Gonzales, Decarth Namayan",Panoy,Lakas-Kampi,3178
Aklan,Madalag,Councilor,"Cometa, Hannibal Nabor",Dongdong,Liberal Party,2953
Aklan,Madalag,Councilor,"Niduelan, Fermin Nabor",Boy,Nacionalista Party,2789
Aklan,Madalag,Councilor,"Navarrete, Mauricio Nedic",Boknoy,Nacionalista Party,2950
Aklan,Madalag,Councilor,"Roa, Patricio Jr. Itulid",Bogot,Lakas-Christian Muslim Democrats,2980
Aklan,Madalag,Councilor,"Padalhin, John Castro",Bong,Lakas-Christian Muslim Democrats,3079
Aklan,Madalag,Councilor,"Agapito, Jomie Villorente",Omye,Lakas-Kampi,2830
Aklan,Makato,Mayor,"Legaspi, Ramon Jr. Salazar",Jun,Lakas-Kampi,7329
Aklan,Makato,Vice-Mayor,"Tapuz, Nelson Torcuator",Bok,Lakas-Kampi,5215
Aklan,Makato,Councilor,"Torrenueva, Jose Danilo Maayon",Danny,Liberal Party,4070
Aklan,Makato,Councilor,"Ta-Ay, Dino Patrick Villanueva",Dino,Lakas-Christian Muslim Democrats,4341
Aklan,Makato,Councilor,"Custodio, Rexes Murias",Toto Rex,-,4536
Aklan,Makato,Councilor,"Roldan, Apollo Villanueva",Apol,-,5514
Aklan,Makato,Councilor,"Tabernilla, Basilides Tagle",Basil,-,5587
Aklan,Makato,Councilor,"Dela Cena, Nerli Fermalino",Nene,-,6021
Aklan,Makato,Councilor,"Lumbre, Roger Rollan",Boy Magic,-,6430
Aklan,Makato,Councilor,"Legaspi, Bobby Clyde Maravilla",Bob,Lakas-Kampi,4940
Aklan,Malay,Mayor,"Cawaling, Ceciron Sacapano",Dodong Ceron,Nacionalista Party,7605
Aklan,Malay,Vice-Mayor,"Yap, John  Parcon",Jun,Lakas-Kampi,7708
Aklan,Malay,Councilor,"Pagsuguiron, Dante Colesio",Boy,Lakas-Kampi,4766
Aklan,Malay,Councilor,"Villanueva, Charlie Delos Santos",Nonoy Ago,United Opposition,4876
Aklan,Malay,Councilor,"Prado, Cristina Cahilig",Esting,United Opposition,4949
Aklan,Malay,Councilor,"Aguirre, Rowen Tajaran",Nonoy Rowen,Liberal Party,4968
Aklan,Malay,Councilor,"Flores, Esel Licerio",Nono,Laban ng Demokratikong Pilipino,5425
Aklan,Malay,Councilor,"Sinel, Gideon Tayco",Otoy,United Opposition,5528
Aklan,Malay,Councilor,"Gelito, Wilbec Miralles",Wilbec,Nacionalista Party,5602
Aklan,Malay,Councilor,"Tayco, Mateo Anario",Dodoy,Lakas-Kampi,4460
Aklan,Malinao,Mayor,"Ilio, Dominador Jr. Yerro",Joji,Lakas-Kampi,5851
Aklan,Malinao,Vice-Mayor,"Iguban, Rosie Ilejay",Rosie,Lakas-Christian Muslim Democrats,7161
Aklan,Malinao,Councilor,"Agustino, Eleanor Garcia",Bahoe,Lakas-Christian Muslim Democrats,5425
Aklan,Malinao,Councilor,"Yerro, John Ruen  Ildesa",Jon-Jon,Lakas-Kampi,5545
Aklan,Malinao,Councilor,"Iquina, Richard Iledan",Chad,Lakas-Christian Muslim Democrats,4951
Aklan,Malinao,Councilor,"Yabut, Zacarias Magdael",Cari,Lakas-Christian Muslim Democrats,4835
Aklan,Malinao,Councilor,"Iscala, Junito Isuga",Jun,Lakas-Kampi,4923
Aklan,Malinao,Councilor,"Quinisio, Raul Retome",Cap,Lakas-Kampi,4685
Aklan,Malinao,Councilor,"Igoy, Wilbert Ariel Imperial",Ariel,Lakas-Christian Muslim Democrats,7185
Aklan,Malinao,Councilor,"Iquina, Josephine Iguban",Jojo,Lakas-Kampi,5200
Aklan,Nabas,Mayor,"Dalisay, Romeo Mercurio",Lolong,Lakas-Kampi,6475
Aklan,Nabas,Vice-Mayor,"Solanoy, James Villanueva",James,Lakas-Christian Muslim Democrats,4913
Aklan,Nabas,Councilor,"Lasaleta, Maria Fe Taunan",Nene,-,4574
Aklan,Nabas,Councilor,"Palomata, Vincent Demafelis",Toto,-,4306
Aklan,Nabas,Councilor,"Zaldivar, Amideo Magallanes",Meding,-,4252
Aklan,Nabas,Councilor,"Santillan-Pascua, Flochebel Ann Fuentes",Che-Che Santillan,-,4306
Aklan,Nabas,Councilor,"Anipan, Expedito Secreto",X,-,3933
Aklan,Nabas,Councilor,"Dalayday, Mabini Gelito",Nono,-,4015
Aklan,Nabas,Councilor,"De Asis, Ricardito Gregorio",Longlong,-,4083
Aklan,Nabas,Councilor,"Tipgos, Rhuna Flores",Neneng Onak,-,4382
Aklan,New Washington,Mayor,"Peralta, Edgar Rogando",Ed,Lakas-Christian Muslim Democrats,8564
Aklan,New Washington,Vice-Mayor,"Velarde, Jean Tejada",Nene,Lakas-Kampi,9548
Aklan,New Washington,Councilor,"Quimpo, Jesus Belonio",Molot,Lakas-Kampi,7028
Aklan,New Washington,Councilor,"Dela Cruz, Celia Carpio",Cel,Lakas-Christian Muslim Democrats,5854
Aklan,New Washington,Councilor,"Velarde, Estrella Estrella",Neneng,Liberal Party,5882
Aklan,New Washington,Councilor,"Perucho, Rodolfo Dalida",Tiboy,Lakas-Kampi,6293
Aklan,New Washington,Councilor,"Andrade, Alberto Mesina",Abe,Nacionalista Party,6517
Aklan,New Washington,Councilor,"Cayetano, Ruperto Ilidan",Ruping,Nacionalista Party,5449
Aklan,New Washington,Councilor,"Regalado, Tita Bautista",Nene,Lakas-Kampi,5570
Aklan,New Washington,Councilor,"Repiano, Junie  Delos Santos",Jun,Lakas-Christian Muslim Democrats,5732
Aklan,Numancia,Mayor,"Templonuevo, Elverita Tejada",Elvie,-,7001
Aklan,Numancia,Vice-Mayor,"Ibabao, Evangeline Maypa",Gelly,-,6045
Aklan,Numancia,Councilor,"Cordova, Bayani Mostajo",Jojo,Nacionalista Party,6342
Aklan,Numancia,Councilor,"Mansayon, Felipe Custodio",Epi,Nacionalista Party,6045
Aklan,Numancia,Councilor,"Macahilas, Ernesto Milloroso",Boy M,Nacionalista Party,5952
Aklan,Numancia,Councilor,"Magnabijon, Benjamin Salazar",Ben,Lakas-Kampi,7355
Aklan,Numancia,Councilor,"Maribojo, Jossel Jr. Villanueva",Toto,Nacionalista Party,5420
Aklan,Numancia,Councilor,"Tabuena, Arcel Suco",Nonoy Cel,Lakas-Kampi,5348
Aklan,Numancia,Councilor,"Ricafuente, Romeo Nocom",Boy R,Nacionalista Party,5186
Aklan,Numancia,Councilor,"Templonuevo, Prospero Irao",Perry,Lakas-Christian Muslim Democrats,5787
Aklan,Tangalan,Mayor,"Fuentes, Gene Torre",Gen-Gen,Lakas-Kampi,5054
Aklan,Tangalan,Vice-Mayor,"Tirol, Jed Abella",Toto,Lakas-Christian Muslim Democrats,5804
Aklan,Tangalan,Councilor,"Tirol, Jose Roxie Zaldivar",Roxie,Lakas-Kampi,4187
Aklan,Tangalan,Councilor,"Yap, Rhean Fuentes",Yan,Lakas-Christian Muslim Democrats,4343
Aklan,Tangalan,Councilor,"Goboy, Randy Tantiado",Bong-Bong,Lakas-Christian Muslim Democrats,4419
Aklan,Tangalan,Councilor,"Tampos, Efren Masangkay",Oloy,Lakas-Kampi,4657
Aklan,Tangalan,Councilor,"Aguirre, Stanley Tandog",Stan,Lakas-Christian Muslim Democrats,4739
Aklan,Tangalan,Councilor,"Manares, Guillermo Jr. Toriaga",Jr.,Lakas-Christian Muslim Democrats,3800
Aklan,Tangalan,Councilor,"Tejada, Jay Eulalio",Jay,Lakas-Kampi,5331
Aklan,Tangalan,Councilor,"Panagsacan, John Antaran",Jun,Partido ng Demokratikong Pilipino-Lakas ng Bayan,3948
Antique,Anini-y,Mayor,"Pollicar, Reynaldo Belleza",Rene,Lakas-Christian Muslim Democratics,4589
Antique,Anini-y,Vice-Mayor,"Rubite, Amado Diana",Mading,-,3903
Antique,Anini-y,Councilor,"Near, Maryvic Huyan",Vic,Lakas-Kampi,3587
Antique,Anini-y,Councilor,"Samones, Bernabe Jr.  Elisterio",Benben,-,2633
Antique,Anini-y,Councilor,"Rendon, Virgilio Jr. Magbanua",Greg,Nationalist People's Coalition,2720
Antique,Anini-y,Councilor,"Salcedo, Felizardo Lagos",Zardin,Independent,2809
Antique,Anini-y,Councilor,"Ople, Elani Dumdumaya",Inday Lani,Lakas-Christian Muslim Democratics,3233
Antique,Anini-y,Councilor,"Diana, Jonathan Rubite",Athan,Nationalist People's Coalition,3384
Antique,Anini-y,Councilor,"Cazenas , Magdalina Obillos",Magda,Nationalist People's Coalition,3390
Antique,Anini-y,Councilor,"Pollicar, Maxfil Belleza",Max,Lakas-Christian Muslim Democratics,4337
Antique,Barbaza,Mayor,"Francisco, Faith Estolloso",Pingping,Nationalist People's Coalition,4251
Antique,Barbaza,Vice-Mayor,"Manalo, Pablito Alacapa",Bong,Nationalist People's Coalition,5298
Antique,Barbaza,Councilor,"Catague, Ramonito Ogatis",Nonoy,-,3553
Antique,Barbaza,Councilor,"Nacionales, Antonio  Alacapa",Tony-Pon,-,4171
Antique,Barbaza,Councilor,"Magbanua, Felina Mariano",Nene,-,4685
Antique,Barbaza,Councilor,"Magtulis, Isidro Alabado",Noysid,-,4866
Antique,Barbaza,Councilor,"Cruz, Rodel Mendoza",Bong Rodel,-,4969
Antique,Barbaza,Councilor,"Yongque, Adolfo Dy",Opoy,-,5126
Antique,Barbaza,Councilor,"Infante, Loreto Toriano",Bong,-,5204
Antique,Barbaza,Councilor,"Necor, Gerry  Condes",Ger,-,6112
Antique,Belison,Mayor,"Piccio, Vicente Jr. Mondejar",Toto,Lakas-Christian Muslim Democratics,3213
Antique,Belison,Vice-Mayor,"Piccio, Christopher Hernandez",Topher,Lakas-Christian Muslim Democratics,3870
Antique,Belison,Councilor,"Galedo, Edwin Lanario",Awi,Lakas-Christian Muslim Democratics,3338
Antique,Belison,Councilor,"Ballarta, Rosie Alamis",Rose,Lakas-Christian Muslim Democratics,2318
Antique,Belison,Councilor,"Escaner, Warlitzer Ballarta",Warlit,Lakas-Christian Muslim Democratics,2639
Antique,Belison,Councilor,"Diano, Benny Omanio",Dodong,Lakas-Christian Muslim Democratics,2741
Antique,Belison,Councilor,"Chavez, Jerry Macantan",Katoy,Lakas-Christian Muslim Democratics,3141
Antique,Belison,Councilor,"Tagle, Simplicio Ballarta",Pisyong,Lakas-Christian Muslim Democratics,3263
Antique,Belison,Councilor,"Elio, Elmer Jumagbas",Toto,Lakas-Christian Muslim Democratics,3316
Antique,Belison,Councilor,"Baldivino, Helen Escaner",Dadang,Lakas-Christian Muslim Democratics,3617
Antique,Bugasong,Mayor,"Pesayco, Bernard Nicopior",Ontoy Bernard,Nationalist People's Coalition,7221
Antique,Bugasong,Vice-Mayor,"Condez, Victor Rizardo",Boy,Nationalist People's Coalition,7386
Antique,Bugasong,Councilor,"De La Cruz, Casimira Suyom",Miray,Lakas-Christian Muslim Democratics,6010
Antique,Bugasong,Councilor,"Uy Kimpang, Aida Nietes",Aida,Nationalist People's Coalition,6884
Antique,Bugasong,Councilor,"Felipe, Lily Pe",Lily,-,5127
Antique,Bugasong,Councilor,"Acsay, Danilo Bagaforo",Dan,Nationalist People's Coalition,5434
Antique,Bugasong,Councilor,"Pesayco, Jorge Jr. Peroy",Nene Pesayco,Nationalist People's Coalition,5672
Antique,Bugasong,Councilor,"Escote, Susan Villaruz",Bebing Susan,Nationalist People's Coalition,5715
Antique,Bugasong,Councilor,"Capendit, Balbina Adricula",Baby,Lakas-Christian Muslim Democratics,5743
Antique,Bugasong,Councilor,"Pesayco, Geraldine Peroy",Bing,Nationalist People's Coalition,6773
Antique,Caluya,Mayor,"Lim, Reynante Janairo",Rjl,Lakas-Christian Muslim Democratics,4546
Antique,Caluya,Vice-Mayor,"Egina, Diosdado Laureno",Dads,Nationalist People's Coalition,4153
Antique,Caluya,Councilor,"Rabino, Crisogono Rana",Cris,Nationalist People's Coalition,3565
Antique,Caluya,Councilor,"Maubol, Rommel  Tameta",Toto,Independent,2359
Antique,Caluya,Councilor,"Balestramon, Noel  Felipe",Toto,Nationalist People's Coalition,2394
Antique,Caluya,Councilor,"Francisco, Ireneo Lorenzo",Iren,Nationalist People's Coalition,2410
Antique,Caluya,Councilor,"Erodias, Jail Brabonga",Totok Jill,Nationalist People's Coalition,2879
Antique,Caluya,Councilor,"Yap , Gregorio Gonzales",Goyo,Nationalist People's Coalition,3072
Antique,Caluya,Councilor,"Arrido, Linda Aguilar",Linda,Independent,3488
Antique,Caluya,Councilor,"Lavega, Ricky Marasigan",Toto,Nationalist People's Coalition,3764
Antique,Culasi,Mayor,"ALiberal Partyas, Aida Sagala",Nene Aida,Lakas-Christian Muslim Democratics,8230
Antique,Culasi,Vice-Mayor,"Mosquera, Ediviano Lomugdang",Nonoy Eddie,Lakas-Christian Muslim Democratics,8789
Antique,Culasi,Councilor,"Alagos, Ariel Tabugo",Toto Aye,Lakas-Christian Muslim Democratics,8223
Antique,Culasi,Councilor,"Javier, Expedito Montilla",Ditoy,Nationalist People's Coalition,6983
Antique,Culasi,Councilor,"Palacios, Emmanuel Sr.  Rivera",Swati,Independent,7360
Antique,Culasi,Councilor,"Dimacutac, July Dujali",Nonoy Julie,Lakas-Christian Muslim Democratics,6719
Antique,Culasi,Councilor,"Elizaga, Diosdado Jr. Yap",Pato Dading,Independent,7199
Antique,Culasi,Councilor,"Estolloso, Amancio Filasol",Mancio,Lakas-Christian Muslim Democratics,7565
Antique,Culasi,Councilor,"Alocilja, Pilar Ballenas",Mommy,Lakas-Christian Muslim Democratics,7759
Antique,Culasi,Councilor,"Alarcon, Arsenio Tolosa",Boy Ala,Nationalist People's Coalition,8428
Antique,Hamtic,Mayor,"Pacificador, Julius De Las Llagas",Julie,-,8421
Antique,Hamtic,Vice-Mayor,"Kasilag, Edsel Villaflor",Nene,Independent,5652
Antique,Hamtic,Councilor,"Sumande, Pio Jessielito Sr. Cordova",Pio,Independent,6237
Antique,Hamtic,Councilor,"Seguera, Noel Diaz",Toto,Independent,4888
Antique,Hamtic,Councilor,"Sanchez, Jovito Jr. Mosquera",Bemboy,Nationalist People's Coalition,5031
Antique,Hamtic,Councilor,"Checa, Gil Monsarvas",Dodong Gil,Nationalist People's Coalition,5155
Antique,Hamtic,Councilor,"Pacete, Evangeline Sanchez",Nenen,Independent,5248
Antique,Hamtic,Councilor,"Pacificador, Julius Ronald Leyritana",Jun-Jun,Nationalist People's Coalition,5919
Antique,Hamtic,Councilor,"Sumaculub, Edmand Osorio",Tito Ed,Lakas-Christian Muslim Democratics,6042
Antique,Hamtic,Councilor,"Javier, Jason Carlos Magbanua",Tots,Lakas-Christian Muslim Democratics,6560
Antique,Laua-an,Mayor,"Baladjay, Aser Samillano",Ontoy Aser,Nationalist People's Coalition,5816
Antique,Laua-an,Vice-Mayor,"Necor, Antolin Sarmiento",Tolin,Nationalist People's Coalition,5091
Antique,Laua-an,Councilor,"Sarmiento, Romulo Zamora",Doctor,Nationalist People's Coalition,3819
Antique,Laua-an,Councilor,"Samillano, Cezar Marquez",Nonoy Cezar,Nationalist People's Coalition,4054
Antique,Laua-an,Councilor,"Sarmiento, Abraham Dalumpines",Abe,Lakas-Kampi,4063
Antique,Laua-an,Councilor,"Alonsagay, Profetiza Cuadrante",Tisa,Nationalist People's Coalition,4129
Antique,Laua-an,Councilor,"Nietes, Delfin Jr. Goboy",Bobot,Nationalist People's Coalition,4247
Antique,Laua-an,Councilor,"Relles, Zosimo Bangcaya",Simo,Nationalist People's Coalition,5147
Antique,Laua-an,Councilor,"Vista, Georgelin Goboy",Nening,Nationalist People's Coalition,5546
Antique,Laua-an,Councilor,"Nietes, Rogelio Soriano",Nonoy,Lakas-Christian Muslim Democratics,3746
Antique,Laua-an,Mayor,"Raymundo, Norberto Jr. Palma",Berting,Lakas-Christian Muslim Democratics,2084
Antique,Laua-an,Vice-Mayor,"Valenzuela, RaLiberal Partyh Trance",Toto Rapol,Independent,1817
Antique,Laua-an,Councilor,"Rufon, Asuncion Regalado",Sionie,-,2564
Antique,Laua-an,Councilor,"Ambubuyog, Marte Canimo",Migs,Nationalist People's Coalition,2310
Antique,Laua-an,Councilor,"Sualog, Bartolome Santillan",Ome,Nationalist People's Coalition,2295
Antique,Laua-an,Councilor,"Jimenez, Edgar Pastrana",Gar,Nationalist People's Coalition,2773
Antique,Laua-an,Councilor,"Eliab, Olympio Jr. Tamboong",Olym,-,2038
Antique,Laua-an,Councilor,"Domingo, Ricardo Lucas",Dong Cardo,Nationalist People's Coalition,2035
Antique,Laua-an,Councilor,"Malayas, Bedael Jr. Atienza",Toto Bedael,Lakas-Kampi,1911
Antique,Laua-an,Councilor,"Dugang, Jose Alxe Ipo",Nonoy Alxe,Nationalist People's Coalition,2178
Antique,Pandan,Mayor,"Sanchez, Plaridel Vi Escalona",John,Nationalist People's Coalition,7403
Antique,Pandan,Vice-Mayor,"Rectra, Antero Varon",Doy Tero,Nationalist People's Coalition,6319
Antique,Pandan,Councilor,"Montero, Marissa Napat",Inday Marie,Nationalist People's Coalition,5488
Antique,Pandan,Councilor,"Dionela, Arthur Rodillon",Boy Art,Nationalist People's Coalition,5712
Antique,Pandan,Councilor,"Chan, Tony Rubite",Bebot,Nationalist People's Coalition,5766
Antique,Pandan,Councilor,"Dionela, Manuel Talde",Awe,Nationalist People's Coalition,5887
Antique,Pandan,Councilor,"Lomugdang, Louie Juanillo",Lowe,Lakas-Christian Muslim Democratics,5988
Antique,Pandan,Councilor,"Tamboong, Jesus Osorio",Prantoy,Nationalist People's Coalition,6007
Antique,Pandan,Councilor,"Candari, Patria Ferranco",Nene Patring,Nationalist People's Coalition,7985
Antique,Pandan,Councilor,"Estomata, Gaspar Talde",Apang,Nationalist People's Coalition,5308
Antique,Patnongon,Mayor,"Mondejar, Henry Aguillom",Nonoy Henry,Lakas-Kampi,2649
Antique,Patnongon,Vice-Mayor,"Bacongallo, Johnnyflores Salvani",Pete John,Lakas-Christian Muslim Democratics,8378
Antique,Patnongon,Councilor,"Mosquera, France Arin Bajar",France,Liberal Party,2980
Antique,Patnongon,Councilor,"Barrientos, Felix Gregorio Gonzaga",Toto Botyog,Liberal Party,3206
Antique,Patnongon,Councilor,"Solis, Benjamin Pacheco",Ebok,Lakas-Christian Muslim Democratics,3226
Antique,Patnongon,Councilor,"Crespo, Al Brian De Toro",Jojo,-,3464
Antique,Patnongon,Councilor,"Magbanua, Eduardo Bandoja",Eddie,Independent,3595
Antique,Patnongon,Councilor,"Bacaoco, Thomas Viesca",Tom,-,3654
Antique,Patnongon,Councilor,"Cepeda, Gemma Berte",Gem,Independent,4265
Antique,Patnongon,Councilor,"Cayetano, Rene Philip Gomez",Nonoy Philipo,Independent,2687
Antique,San Jose,Mayor,"Molina, Rony Lavega",Nonong Rony,Lakas-Christian Muslim Democratics,10064
Antique,San Jose,Vice-Mayor,"Salazar, Nestor Angel Obsiana",Boyet,Independent,7145
Antique,San Jose,Councilor,"Nebit, Danilo Lavega",Bebot,Lakas-Christian Muslim Democratics,6859
Antique,San Jose,Councilor,"Moscoso, Frank Cadiena",Toto,Lakas-Christian Muslim Democratics,5331
Antique,San Jose,Councilor,"Baldevia, Claro Catalino",Caloy,Laban ng Demokratikong Pilipino,5336
Antique,San Jose,Councilor,"Hiponia, Fred Del Rosario",Nonoy Fred,Lakas-Christian Muslim Democratics,5398
Antique,San Jose,Councilor,"Israel, Nestor Altares",Nono Fornier,Lakas-Christian Muslim Democratics,5915
Antique,San Jose,Councilor,"Azurin, Ma Angeles Pefianco",Mariles,Laban ng Demokratikong Pilipino,6384
Antique,San Jose,Councilor,"Pacificador, Jake Delas Llagas",Jake,Independent,6582
Antique,San Jose,Councilor,"Untaran, Elmer Cerdena",Toto Elmer,Liberal Party,8384
Antique,San Remigio,Mayor,"Coloso, Elizabeth Cabigunda",Cacay,Lakas-Christian Muslim Democratics,5991
Antique,San Remigio,Vice-Mayor,"Cabigunda, Graham Vidal",Toto,-,5398
Antique,San Remigio,Councilor,"Fama, Magdaleno Villasor",Mags,-,4350
Antique,San Remigio,Councilor,"Mission, Hester Painaga",Ontoy,Nationalist People's Coalition,3686
Antique,San Remigio,Councilor,"Balena, Julito Jr. Pedro",Joy,Independent,3839
Antique,San Remigio,Councilor,"Painaga, Malvar Ton-Ogan",Noy Baro,Lakas-Kampi,3952
Antique,San Remigio,Councilor,"Petinglay, Roland Gevero",Roland,Independent,4003
Antique,San Remigio,Councilor,"Cabigunda, Galileo Vidal",Nonoy Gal,Lakas-Christian Muslim Democratics,4055
Antique,San Remigio,Councilor,"Fortin, Bernie Tumangday",Bernie,Lakas-Christian Muslim Democratics,4089
Antique,San Remigio,Councilor,"Gordon, Robert Bangcaya",Toto Robert,Independent,4381
Antique,Sebaste,Mayor,"Varona, Jose Christopher Abraham",Nonong Bantog,Nationalist People's Coalition,3524
Antique,Sebaste,Vice-Mayor,"De La Cruz, Edito Tan",Toto Dito,Nationalist People's Coalition,3355
Antique,Sebaste,Councilor,"Gaya, Severino Casidsid",Benot,Nationalist People's Coalition,3265
Antique,Sebaste,Councilor,"Jara, Jupiter Flores",Pet,Independent,3480
Antique,Sebaste,Councilor,"Vego, Apolonio Jr. Baliguat",Doy,-,3550
Antique,Sebaste,Councilor,"Manalo, Romeo Blancia",Roming,-,3634
Antique,Sebaste,Councilor,"Rendon, Vimoel Encajonado",Vimvim,-,3660
Antique,Sebaste,Councilor,"Gauran, Neky Gonzales",Boyneky,-,3902
Antique,Sebaste,Councilor,"Vallermosa, Gerry Florentino",Toto Gerry,-,3991
Antique,Sebaste,Councilor,"Padojinog, Joey Heraldo",Dodong,-,3505
Antique,Sibalom,Mayor,"Lotilla, Virginia Garcia",Katsi,Lakas-Christian Muslim Democratics,10296
Antique,Sibalom,Vice-Mayor,"Lacsama, Felipe Jr. Delfin",Toting,Lakas-Kampi,12605
Antique,Sibalom,Councilor,"Magdaug, Ludgero Villafuerte",Vice,-,6634
Antique,Sibalom,Councilor,"Odango, Joel Sayson",Bong,Independent,7412
Antique,Sibalom,Councilor,"Millamena, Eleuterio Dolorico",Kap Teryo,Independent,7885
Antique,Sibalom,Councilor,"Baraquia, Zenaida Estrella",Baby,-,8248
Antique,Sibalom,Councilor,"Butiong, Sebastian Vinas",Toto,Nationalist People's Coalition,8473
Antique,Sibalom,Councilor,"Sentina, Maximiniano Trance",Max,Independent,8991
Antique,Sibalom,Councilor,"Denosta, Edgar Dequina",Ed,Independent,12156
Antique,Sibalom,Councilor,"Niquia, Erlinda Odango",Linda,Lakas-Christian Muslim Democratics,7110
Antique,Tibao,Mayor,"Tamayo, Sotera Importante",Nening Masa,Nationalist People's Coalition,4638
Antique,Tibao,Vice-Mayor,"Flores, Geronimo Jr. Paghari-on",Nonoy Tres,Nationalist People's Coalition,5219
Antique,Tibao,Councilor,"Amar, Romulfo Importante",Dodong,Nationalist People's Coalition,3839
Antique,Tibao,Councilor,"Eraga, Fred Faren",Boy Fred,Laban ng Demokratikong Pilipino,4431
Antique,Tibao,Councilor,"Dalisay, Roland Dando",Roy,Nationalist People's Coalition,4628
Antique,Tibao,Councilor,"Escarrilla, Homer Vedeja",Homer,Lakas-Kampi,4774
Antique,Tibao,Councilor,"Modesto , Andres Jr. Dalumpines",Dodoy,Nationalist People's Coalition,4799
Antique,Tibao,Councilor,"Medina, Pelver Ybera",Papa Mike,Nationalist People's Coalition,5315
Antique,Tibao,Councilor,"Bandoja, Gil Maldevia",Bando,Independent,5550
Antique,Tibao,Councilor,"Alvarez, Fe Gregorio",Nening,Lakas-Christian Muslim Democratics,3806
Antique,Tobias Fornier Dao,Mayor,"Fornier, Maria Orchid Penaranda",Inday,Lakas-Christian Muslim Democratics,4696
Antique,Tobias Fornier Dao,Vice-Mayor,"Cazenas, Manuel Jr. Orquez",Nolet,Lakas-Kampi,3465
Antique,Tobias Fornier Dao,Councilor,"Balanza, Sofia Gumia",Ping-Ping,Lakas-Christian Muslim Democratics,4174
Antique,Tobias Fornier Dao,Councilor,"Villanueva, Delfin Jr. Joting",Edel,Lakas-Christian Muslim Democratics,3087
Antique,Tobias Fornier Dao,Councilor,"De Los Reyes, Samuel Gaite",Sammy,Nationalist People's Coalition,3159
Antique,Tobias Fornier Dao,Councilor,"Labnao, Regidor Magbanua",Reggie,Lakas-Christian Muslim Democratics,3326
Antique,Tobias Fornier Dao,Councilor,"Lopez, Nenita Tajanlangit",Nets,Liberal Party,3339
Antique,Tobias Fornier Dao,Councilor,"Macadagdag, Enrico Miedes",Lalo,Nationalist People's Coalition,3540
Antique,Tobias Fornier Dao,Councilor,"Cazenas, Edgar Flaminia",Ega,Independent,4152
Antique,Tobias Fornier Dao,Councilor,"Vidal, Delia Osuya",Nene Dels,-,4606
Antique,Valderama,Mayor,"Roquero, Mary Joyce Monterona",Joy,Lakas-Christian Muslim Democratics,4785
Antique,Valderama,Vice-Mayor,"Maguad, Christopher Baldestamon",Boyet,Lakas-Christian Muslim Democratics,4695
Antique,Valderama,Councilor,"Canja, Adela Bingco",Ade,Lakas-Christian Muslim Democratics,3927
Antique,Valderama,Councilor,"Yder, Ramona Maguad",Mona,Lakas-Christian Muslim Democratics,4231
Antique,Valderama,Councilor,"Lacson, Leo Bartolome",Toto,Partido Demokratiko Sosyalista ng Pilipinas,4303
Antique,Valderama,Councilor,"Castillon, Josefino Quiapo",Dodong,Nationalist People's Coalition,4384
Antique,Valderama,Councilor,"Obsina, Raul Valerta",-,Lakas-Christian Muslim Democratics,4587
Antique,Valderama,Councilor,"Pagayonan, Pedro Jalipa",Indo,Lakas-Christian Muslim Democratics,4727
Antique,Valderama,Councilor,"Pagunsan, Doree Jane Pugarin",King,Lakas-Christian Muslim Democratics,5371
Antique,Valderama,Councilor,"Jauod, Melchor Tabalba",Boy,Lakas-Christian Muslim Democratics,3865
Capiz,Cuartero,Mayor,"Flores, Roger Francisco",Roger,Lakas-Christian Muslim Democrats,8132
Capiz,Cuartero,Vice-Mayor,"Openiano, Joemarie Hacermida",Joemarie,Lakas-Christian Muslim Democrats,7139
Capiz,Cuartero,Councilor,"Mayo, Tito Libo-On",Tito,-,6285
Capiz,Cuartero,Councilor,"Henderin, Ruben Robles",Neneng,Lakas-Kampi,5022
Capiz,Cuartero,Councilor,"Flejoles, Marcial Borres",Nonoy,Lakas-Christian Muslim Democrats,5026
Capiz,Cuartero,Councilor,"Guillermo, Ronald Arriego",Rg,Lakas-Christian Muslim Democrats,5112
Capiz,Cuartero,Councilor,"Fantilaga, Alexander Farinas",Itoy,Lakas-Christian Muslim Democrats,5732
Capiz,Cuartero,Councilor,"Flores, Noel Francisco",Noel,Lakas-Christian Muslim Democrats,5941
Capiz,Cuartero,Councilor,"Falcis, Abner Villaeba",Toto,Lakas-Christian Muslim Democrats,6063
Capiz,Cuartero,Councilor,"Cedullo, Jedy Albay",Nono,Lakas-Christian Muslim Democrats,6338
Capiz,Dao,Mayor,"Escutin, Joselito Yngcong",Bobo,Lakas-Christian Muslim Democrats,10737
Capiz,Dao,Vice-Mayor,"Magbanua, Jaime Oradia",James Mitang,Lakas-Christian Muslim Democrats,9434
Capiz,Dao,Councilor,"Corcino, Romeo Sr. Eudela",Roming,Lakas-Christian Muslim Democrats,6105
Capiz,Dao,Councilor,"Dalid, Wilson Capulso",Nonoy,Lakas-Christian Muslim Democrats,6417
Capiz,Dao,Councilor,"Opano, Godofredo Almodiente",Bong,-,6771
Capiz,Dao,Councilor,"Borda, Pacita Flores",Pacit,-,7058
Capiz,Dao,Councilor,"Barona, Joel  Isada",Tong-Tong,Lakas-Christian Muslim Democrats,7324
Capiz,Dao,Councilor,"Escutin, Leon III Bauson",Bebe,-,7338
Capiz,Dao,Councilor,"Eslaban, Loreto Inocencio",Otic,Lakas-Christian Muslim Democrats,7354
Capiz,Dao,Councilor,"Cobrador, Gerardo Manulat",Gerry,Lakas-Kampi,5787
Capiz,Dumalag,Mayor,"Benjamin, Leslie Warren Alianza",Beboy,-,8611
Capiz,Dumalag,Mayor,"Castro, Lilia Hernaez",Nene,-,10057
Capiz,Dumalag,Vice-Mayor,"Pamplona, Querubin Perez",Querub,-,7505
Capiz,Dumalag,Vice-Mayor,"Farenas, Joemarie Falcis",Joe,-,8914
Capiz,Dumalag,Councilor,"Hinola, Marietta Ceballos",Marit,-,5853
Capiz,Dumalag,Councilor,"Fajardo, Meneleo Vito",Toto Leo,-,8557
Capiz,Dumalag,Councilor,"Llamas, Rogelio Advincula",Rogel,-,5579
Capiz,Dumalag,Councilor,"Padernal, Abel Jr. Tanco",Abel,-,5520
Capiz,Dumalag,Councilor,"Florida, Ma Joy Diosa Firmalino",Joy,-,6486
Capiz,Dumalag,Councilor,"Frial, Rafael Funa",Cano,-,8129
Capiz,Dumalag,Councilor,"Faduga, Victorio Ledesma",Nonoy,-,7951
Capiz,Dumalag,Councilor,"Matiling, Isidro Guanzon",Nonong,-,5879
Capiz,Dumalag,Councilor,"Etchen, Henry Franco",Nono Henry,-,6650
Capiz,Dumalag,Councilor,"Gonzaga, Vladimer Delfin",Den-Den,-,6156
Capiz,Dumalag,Councilor,"Diaz, Mercedita Facelo",Merci,-,6555
Capiz,Dumalag,Councilor,"Dalisay, Romeo Ocampo",Roming,-,6286
Capiz,Dumalag,Councilor,"De Tomas , Ernesto Flores",Erning,-,7197
Capiz,Dumalag,Councilor,"Saldo, Alexander Rivera",Alex,-,7018
Capiz,Dumalag,Councilor,"Juanico, Francis Dave Irisari",Boojie,-,7117
Capiz,Dumalag,Councilor,"Teves, Leo Villar",Nong,-,8153
Capiz,Ivisan,Mayor,"Yap, Felipe Neri Navarra",Ipe,Liberal Party,6636
Capiz,Ivisan,Vice-Mayor,"Arboleda, Isaias Jr. Barcas",Boy,Lakas-Kampi,4573
Capiz,Ivisan,Councilor,"Unasin, Jelene Caborubias",Je,Liberal Party,5393
Capiz,Ivisan,Councilor,"Mestidio, Marita Obrigue",Maritz,Liberal Party,5373
Capiz,Ivisan,Councilor,"Delos Santos, Bito Odicta",Bito,Lakas-Kampi,5011
Capiz,Ivisan,Councilor,"Ugas , Bonifacio Baranda",Dagoy,Liberal Party,6142
Capiz,Ivisan,Councilor,"Mendoza, Christian Sander Sendin ",Sander,Liberal Party,4559
Capiz,Ivisan,Councilor,"Gicano, Amelita Vasquez",Amy,Independent,4317
Capiz,Ivisan,Councilor,"Bacinillo, Guidion  Oabe",Jun,Liberal Party,4210
Capiz,Ivisan,Councilor,"Villarisco, Hermogenes Ureta",Mones,Lakas-Kampi,4689
Capiz,Jamindan,Mayor,"Jinon, Ethel Ricaforte",Manang,Liberal Party,5161
Capiz,Jamindan,Vice-Mayor,"Montorio, Samson Alcayde",Sam,-,7470
Capiz,Jamindan,Councilor,"Laurino, Norberto Jr. Ignacio",Jun-Jun,Liberal Party,5949
Capiz,Jamindan,Councilor,"Villasis, Patricio Vergara",Pate,Liberal Party,6110
Capiz,Jamindan,Councilor,"Vestidas, Lemuel Valguna",Aran,Liberal Party,6504
Capiz,Jamindan,Councilor,"Luces, Nonelon Gallano",Nelon,-,7114
Capiz,Jamindan,Councilor,"Villeza, Gerundio Luces",Alon,Liberal Party,8013
Capiz,Jamindan,Councilor,"Cusay, Ildefonso Vestidas",Ildy,Liberal Party,8332
Capiz,Jamindan,Councilor,"Valdemar, Mac Arthur Luces",Mac,-,8764
Capiz,Jamindan,Councilor,"Orocio, Emilio III Leonor",Tres,Liberal Party,5889
Capiz,Ma-ayon,Mayor,"Duenas, Belegio Diaz",Billy,Liberal Party,8802
Capiz,Ma-ayon,Vice-Mayor,"Borres, Wilfredo Sr. Espinosa",Pedot,Liberal Party,9793
Capiz,Ma-ayon,Councilor,"Apolinario, Weldie Jr. Contreras",Tambol,Liberal Party,6530
Capiz,Ma-ayon,Councilor,"Dellera, Miel Dionson",Toto Miel,Independent,6657
Capiz,Ma-ayon,Councilor,"Combate, Vivian Cantiller",Bebing,Liberal Party,7124
Capiz,Ma-ayon,Councilor,"Duronio, Wildie Delfin",Weld,Liberal Party,7293
Capiz,Ma-ayon,Councilor,"Diestro, Noel Dordas",Dodoy,Liberal Party,7408
Capiz,Ma-ayon,Councilor,"Barruela, Villamor Dizon",Billy,Liberal Party,7481
Capiz,Ma-ayon,Councilor,"Orendez, Maximo Dejasco",Boy,Liberal Party,7827
Capiz,Ma-ayon,Councilor,"Diaz, Joel Laguda",Wel,Independent,6038
Capiz,Mambusao,Mayor,"Alba, Jose Jr. Ong",Joe,Lakas-Christian Muslim Democrats,9922
Capiz,Mambusao,Vice-Mayor,"Martinez, Abel Pardo",Doc Abel,Lakas-Christian Muslim Democrats,10649
Capiz,Mambusao,Councilor,"Arevalo, Elmer Perasol",Nonoy,Lakas-Christian Muslim Democrats,8928
Capiz,Mambusao,Councilor,"Leal , Wilfredo Estores",Fred,Liberal Party,9432
Capiz,Mambusao,Councilor,"Martinez, Eulogio Abalajon",Neneng,Lakas-Christian Muslim Democrats,9672
Capiz,Mambusao,Councilor,"Tupaz, Eddie Lopez",Ed,Liberal Party,9801
Capiz,Mambusao,Councilor,"Apostol, Maria Dee Lacson",Dee,Lakas-Christian Muslim Democrats,9891
Capiz,Mambusao,Councilor,"Layo, Jeffrey Leal",Jeff,Lakas-Christian Muslim Democrats,11489
Capiz,Mambusao,Councilor,"Uy, Maria Rhodora  Bayot",Nene,Liberal Party,8798
Capiz,Mambusao,Councilor,"Buenavista, Federico Sr. Legaspi",Fedy,Lakas-Christian Muslim Democrats,9115
Capiz,Panay,Mayor,"Alba, Jose Jr. Ong",Joe,Lakas-Christian Muslim Democrats,9922
Capiz,Panay,Vice-Mayor,"Martinez, Abel Pardo",Doc Abel,Lakas-Christian Muslim Democrats,10649
Capiz,Panay,Councilor,"Arevalo, Elmer Perasol",Nonoy,Lakas-Christian Muslim Democrats,8928
Capiz,Panay,Councilor,"Leal, Wilfredo Estores",Fred,Liberal Party,9432
Capiz,Panay,Councilor,"Martinez, Eulogio Abalajon",Neneng,Lakas-Christian Muslim Democrats,9672
Capiz,Panay,Councilor,"Tupaz, Eddie Lopez",Ed,Liberal Party,9801
Capiz,Panay,Councilor,"Apostol, Maria Dee Lacson",Dee,Lakas-Christian Muslim Democrats,9891
Capiz,Panay,Councilor,"Layo, Jeffrey Leal",Jeff,Lakas-Christian Muslim Democrats,11489
Capiz,Panay,Councilor,"Uy, Maria Rhodora  Bayot",Nene,Liberal Party,8798
Capiz,Panay,Councilor,"Buenavista, Federico Sr. Legaspi",Fedy,Lakas-Christian Muslim Democrats,9115
Capiz,Panitan,Mayor,"Belo, Katherine Dequina",Kit,Liberal Party,9339
Capiz,Panitan,Vice-Mayor,"Derramas, Generoso Detoning",Toto Roso,Liberal Party,8607
Capiz,Panitan,Councilor,"Albana, Roberto Legaspi",Bebe,Liberal Party,5348
Capiz,Panitan,Councilor,"Diaz, Symor Belo",Symor,Puwersa ng Masang Pilipino,5458
Capiz,Panitan,Councilor,"Bito-On, Ernesto Borroa",Boogie,Liberal Party,5492
Capiz,Panitan,Councilor,"Belvis, Abraham Binas",Abe,Liberal Party,5614
Capiz,Panitan,Councilor,"Datiles, Lilia Delfin",Lilia,Liberal Party,6399
Capiz,Panitan,Councilor,"Caldeo, Edgardo Dorado",Boy,Puwersa ng Masang Pilipino,6462
Capiz,Panitan,Councilor,"Bauson, David Felix Dellota",Toto David,Liberal Party,6806
Capiz,Panitan,Councilor,"Araque, Ricardo Fuentes",Kado,Liberal Party,5184
Capiz,Ponteverde,Mayor,"Contreras, Esteban Jose Balero",Steve,Liberal Party,8694
Capiz,Ponteverde,Vice-Mayor,"Dumapig, Naome Soriano",Mimi,Liberal Party,8035
Capiz,Ponteverde,Councilor,"Molo, Abraham Jr. Solis",Bagto,Liberal Party,5735
Capiz,Ponteverde,Councilor,"Daynolo, Vivian Bernales",Vi,Lakas-Kampi,6549
Capiz,Ponteverde,Councilor,"Boluso, Ricky G.",-,-,6560
Capiz,Ponteverde,Councilor,"Beldia, Ditas Tumlos",Inday,Liberal Party,6820
Capiz,Ponteverde,Councilor,"Tumlos, Teresita Bolivar",Moting,Lakas-Kampi,6951
Capiz,Ponteverde,Councilor,"Catalan, Allan Batilaran",Bombo,Liberal Party,7447
Capiz,Ponteverde,Councilor,"Avelino, Edmund Gonzales",Nonoy,Liberal Party,9553
Capiz,Ponteverde,Councilor,"Baldonado, Edmar Blasurca",Goody,Lakas-Kampi,5530
Capiz,President Roxas,Mayor,"Buenafe, Rosauro Baltar",Sauro,Liberal Party,8372
Capiz,President Roxas,Vice-Mayor,"Golero, Alfonso Locsin",Dodoy,Liberal Party,6388
Capiz,President Roxas,Councilor,"Dela Cruz, Jonifer Berte",Nonong,Liberal Party,5028
Capiz,President Roxas,Councilor,"Posadas, Lourein Andama",Bebe,Liberal Party,5395
Capiz,President Roxas,Councilor,"Diosaban, Danilo Basinang",Boy,Liberal Party,5538
Capiz,President Roxas,Councilor,"Badana, Vincent Dangan",Bong,Liberal Party,5549
Capiz,President Roxas,Councilor,"Bucayan, Ramon Jr. Buenafe",Mon,Liberal Party,5582
Capiz,President Roxas,Councilor,"Ciudad, Arnel Arcangel",Bobong,Liberal Party,5641
Capiz,President Roxas,Councilor,"Loretizo, Bernardo Sinay",Bernie,Liberal Party,6386
Capiz,President Roxas,Councilor,"Villanueva, Edgar Alcazaren",Bebot,Liberal Party,4585
Capiz,Roxas City,Mayor,"Buenafe, Rosauro Baltar",Sauro,Liberal Party,8372
Capiz,Roxas City,Vice-Mayor,"Golero, Alfonso Locsin",Dodoy,Liberal Party,6388
Capiz,Roxas City,Councilor,"Dela Cruz, Jonifer Berte",Nonong,Liberal Party,5028
Capiz,Roxas City,Councilor,"Posadas, Lourein Andama",Bebe,Liberal Party,5395
Capiz,Roxas City,Councilor,"Diosaban, Danilo Basinang",Boy,Liberal Party,5538
Capiz,Roxas City,Councilor,"Badana, Vincent Dangan",Bong,Liberal Party,5549
Capiz,Roxas City,Councilor,"Bucayan, Ramon Jr. Buenafe",Mon,Liberal Party,5582
Capiz,Roxas City,Councilor,"Ciudad, Arnel Arcangel",Bobong,Liberal Party,5641
Capiz,Roxas City,Councilor,"Loretizo, Bernardo Sinay",Bernie,Liberal Party,6386
Capiz,Roxas City,Councilor,"Villanueva, Edgar Alcazaren",Bebot,Liberal Party,4585
Capiz,Sapi-an,Mayor,"Orosco, Arturo Agapito",Turic,Lakas-Christian Muslim Democrats,6248
Capiz,Sapi-an,Vice-Mayor,"Odrunia, Ralph Concepcion",Doc Dodong,Lakas-Christian Muslim Democrats,6671
Capiz,Sapi-an,Councilor,"Martinez, Wilfredo Jr. Pajarillo",Wally,Lakas-Christian Muslim Democrats,4401
Capiz,Sapi-an,Councilor,"Orillos, Julius Javillo",Juls,Lakas-Christian Muslim Democrats,4939
Capiz,Sapi-an,Councilor,"Cordero, Samson Ga",Padre,Lakas-Christian Muslim Democrats,4948
Capiz,Sapi-an,Councilor,"Gallardo, Jonathan Oquendo",Nono,Lakas-Christian Muslim Democrats,5048
Capiz,Sapi-an,Councilor,"Honrado, Kenneth Lavado",Net,Lakas-Christian Muslim Democrats,5184
Capiz,Sapi-an,Councilor,"Garcia, Perseus Castro",Pers,Lakas-Christian Muslim Democrats,5280
Capiz,Sapi-an,Councilor,"Dela Torre, Dexter Flores",Dex,Lakas-Christian Muslim Democrats,5938
Capiz,Sapi-an,Councilor,"Vista, Joseph Reyes",Odong,Lakas-Christian Muslim Democrats,4325
Capiz,Sigma,Mayor,"Andaya, Maria Tandoc",Mary,Liberal Party,4323
Capiz,Sigma,Vice-Mayor,"Quirao, Victoria Protasio",Betty,Lakas-Christian Muslim Democrats,5609
Capiz,Sigma,Councilor,"Lajo, Jaime Lopez",James,Lakas-Christian Muslim Democrats,3721
Capiz,Sigma,Councilor,"Joaquin, Cleo Jude Alfonso",Cleo,Lakas-Christian Muslim Democrats,3880
Capiz,Sigma,Councilor,"Simon, Rodolfo Bacalangco",Rudy,Lakas-Kampi,3963
Capiz,Sigma,Councilor,"Adrias, Jose Capapas",Pito,Liberal Party,4009
Capiz,Sigma,Councilor,"Joren, Joseph Magbanua",Joseph,Lakas-Christian Muslim Democrats,4516
Capiz,Sigma,Councilor,"Jarji, Anita Llavore",Kana,Lakas-Christian Muslim Democrats,5369
Capiz,Sigma,Councilor,"Marcelino, Norman Torrechante",Nene,Lakas-Christian Muslim Democrats,6468
Capiz,Sigma,Councilor,"Francisco, Armel Latorre",Libok,Lakas-Christian Muslim Democrats,3673
Capiz,Tapaz,Mayor,"Gardose, Rosemarie Fecara",Rose,Lakas-Christian Muslim Democrats,11384
Capiz,Tapaz,Vice-Mayor,"Gabucay, Edwin Tabios",Nonoy,-,8727
Capiz,Tapaz,Councilor,"Gimeno, Jeannette Glumalid",Net,Liberal Party,8873
Capiz,Tapaz,Councilor,"Gloria, Arturo II Palomar",Arthur,Lakas-Christian Muslim Democrats,10131
Capiz,Tapaz,Councilor,"Garbo, Teodulfo Garde",Teod,Lakas-Christian Muslim Democrats,10595
Capiz,Tapaz,Councilor,"Falsis, Lina Gabucayan",Lin,Lakas-Christian Muslim Democrats,11003
Capiz,Tapaz,Councilor,"Gardose, Bob Galicto",Nene,Lakas-Christian Muslim Democrats,11127
Capiz,Tapaz,Councilor,"Gimeno, Joemarie Gicole",Potot,Lakas-Christian Muslim Democrats,11616
Capiz,Tapaz,Councilor,"Jaranilla, Arnold Jimenez",Amay,Lakas-Christian Muslim Democrats,8291
Capiz,Tapaz,Councilor,"Gomez, Mario Castillon",Mayong,Lakas-Christian Muslim Democrats,9290
Guimaras,Buenavista,Mayor,"Gumarin, Samuel Tayo",Nonoy Sam,Lakas-Kabalikat ng Malayang Pilipino,11521
Guimaras,Buenavista,Vice-Mayor,"Javellana, Gerardo Tarrosa",Gerry,Lakas-Kabalikat ng Malayang Pilipino,12170
Guimaras,Buenavista,Councilor,"Fernandez, Rex Galanza",Toto Rex,Lakas-Kabalikat ng Malayang Pilipino,6745
Guimaras,Buenavista,Councilor,"Ferrer, Ronnie Luhan",D Guard,Lakas-Kabalikat ng Malayang Pilipino,6838
Guimaras,Buenavista,Councilor,"Habana, Dan Elby Cana",Dag,Lakas-Kabalikat ng Malayang Pilipino,6923
Guimaras,Buenavista,Councilor,"Gatinao, Ignacio Tionado",Nonong,Lakas-Kabalikat ng Malayang Pilipino,7231
Guimaras,Buenavista,Councilor,"Sideno, Nelly Malaga",Baby,Lakas-Kabalikat ng Malayang Pilipino,8401
Guimaras,Buenavista,Councilor,"Cartel, Arthur Jr. Arendain",Nonoy Art,Lakas-Christian Muslim Democrats,9433
Guimaras,Buenavista,Councilor,"Beltran, Cyril Cabardo",Cy,Lakas-Kabalikat ng Malayang Pilipino,9899
Guimaras,Buenavista,Councilor,"Sambas, Raquel Aungon",Inday Raquel,Lakas-Christian Muslim Democrats,6442
Guimaras,Jordan,Mayor,"Chavez, Cresente Jr. Pinuela",Engue,Lakas-Kabalikat ng Malayang Pilipino,8490
Guimaras,Jordan,Vice-Mayor,"Diaz, Edgardo Penascosa",Eddie,Lakas-Kabalikat ng Malayang Pilipino,7125
Guimaras,Jordan,Councilor,"Gula, Hernani Canja",Nani,Lakas-Kabalikat ng Malayang Pilipino,5314
Guimaras,Jordan,Councilor,"Malcon, Rodolfo Franco",Dolfo,Lakas-Kabalikat ng Malayang Pilipino,5345
Guimaras,Jordan,Councilor,"Gaitan, Gerardo Zaldivar",Gerry,Lakas-Kabalikat ng Malayang Pilipino,5575
Guimaras,Jordan,Councilor,"Herrera, Celia Longa",Chicha,Lakas-Kabalikat ng Malayang Pilipino,5704
Guimaras,Jordan,Councilor,"Gange, Jasmin Lagunday",Jasmin,Lakas-Kabalikat ng Malayang Pilipino,5864
Guimaras,Jordan,Councilor,"Galotera, Eugenio Jr. Solis",Little,Lakas-Kabalikat ng Malayang Pilipino,6347
Guimaras,Jordan,Councilor,"Elevencione, Eros Eleferia",Eros,Lakas-Kabalikat ng Malayang Pilipino,7675
Guimaras,Jordan,Councilor,"Lacson, Fulgencio Gimeno",Gene,Lakas-Kabalikat ng Malayang Pilipino,4805
Guimaras,Nueva Valencia,Mayor,"Araneta, Alejandro Delagente",Alex,Lakas-Christian Muslim Democrats,8486
Guimaras,Nueva Valencia,Vice-Mayor,"Gaitan, Juan Delgado",Owa,Lakas-Kabalikat ng Malayang Pilipino,8188
Guimaras,Nueva Valencia,Councilor,"Segovia, Marilou Sueta",Nengneng,Lakas-Christian Muslim Democrats,6168
Guimaras,Nueva Valencia,Councilor,"Galila, Emmanuel De La Cruz",Manuel,Lakas-Kabalikat ng Malayang Pilipino,6213
Guimaras,Nueva Valencia,Councilor,"Esmeralda, Emilio Sevelo",Emil,Lakas-Kabalikat ng Malayang Pilipino,6370
Guimaras,Nueva Valencia,Councilor,"Eledia, Joyce Gildore",Baby,Lakas-Kabalikat ng Malayang Pilipino,7003
Guimaras,Nueva Valencia,Councilor,"Geraldoy, Rex Gaurama",Rex,Lakas-Kabalikat ng Malayang Pilipino,7071
Guimaras,Nueva Valencia,Councilor,"Detablan, Josephine Molo",Sepin,Lakas-Christian Muslim Democrats,7249
Guimaras,Nueva Valencia,Councilor,"Gambalan, Ma Luz Garolacan",Malot,Lakas-Christian Muslim Democrats,7598
Guimaras,Nueva Valencia,Councilor,"Gallentes, Susana Gambalan",Saning,Lakas-Christian Muslim Democrats,6121
Guimaras,San Lorenzo,Vice-Mayor,"Galfo, Romulo Aguilar",Moling,Lakas-Kabalikat ng Malayang Pilipino,4975
Guimaras,San Lorenzo,Councilor,"Llamas, Raul Palmos",Raul,Lakas-Kabalikat ng Malayang Pilipino,2747
Guimaras,San Lorenzo,Councilor,"Rentoy, Nelly Sobremisana",Nelly,Lakas-Kabalikat ng Malayang Pilipino,2856
Guimaras,San Lorenzo,Councilor,"Tacadao, Noel Gadnanan",Wel,Lakas-Kabalikat ng Malayang Pilipino,2933
Guimaras,San Lorenzo,Councilor,"Gallego, Jimmy Gamarcha",Jim,Lakas-Kabalikat ng Malayang Pilipino,3382
Guimaras,San Lorenzo,Councilor,"Zambarrano, Ariel Catalan",Ariel,Lakas-Christian Muslim Democrats,3544
Guimaras,San Lorenzo,Councilor,"Galea, Lino Regalado",Totong,-,3833
Guimaras,San Lorenzo,Councilor,"Denila, Wilme Gabasa",Wil,Lakas-Kabalikat ng Malayang Pilipino,4114
Guimaras,San Lorenzo,Councilor,"Tanaleon, Wilfredo Ganancial",Pido,Lakas-Kabalikat ng Malayang Pilipino,2673
Guimaras,Sibunag,Mayor,"Gange, Pedrito Sr. Vilchez",Pedring,Lakas-Christian Muslim Democrats,4631
Guimaras,Sibunag,Vice-Mayor,"Gamilong, Felix Genadores",Boy,Lakas-Kabalikat ng Malayang Pilipino,3046
Guimaras,Sibunag,Councilor,"Edang, Glicerio Gedalanga ",Gling,Lakas-Kabalikat ng Malayang Pilipino,2501
Guimaras,Sibunag,Councilor,"Deza, Daylenn Alonzo",Gamay,Lakas-Kabalikat ng Malayang Pilipino,2735
Guimaras,Sibunag,Councilor,"Balidiong, Eduardo Segobre",Edwin,-,2789
Guimaras,Sibunag,Councilor,"Lutero, Elicar Herrera",Licar,Lakas-Christian Muslim Democrats,2807
Guimaras,Sibunag,Councilor,"Jardeliza, Rodolfo Sr. Tan",Dolfo,Lakas-Christian Muslim Democrats,2851
Guimaras,Sibunag,Councilor,"Villasis, Danilo Aguirre",Danny,Lakas-Christian Muslim Democrats,2982
Guimaras,Sibunag,Councilor,"Tambalo, Emilio Jr. Tahum",Jr.,Lakas-Christian Muslim Democrats,3297
Guimaras,Sibunag,Councilor,"Camilong, Rolando Verde",Lando,Lakas-Kabalikat ng Malayang Pilipino,2500
Iloilo,Ajuy,Mayor,"Alvarez, Juan Rojas",Toto Juancho,Lakas-Christian Muslim Democrats,9750
Iloilo,Ajuy,Vice-Mayor,"Rojas, Ramon Jr. Margoma",Nonoy Amon,Lakas-Christian Muslim Democrats,9750
Iloilo,Ajuy,Councilor,"Verdad, Renato Dormido",Nats,Liberal Party,6809
Iloilo,Ajuy,Councilor,"Azucena, Rogelio Apelesor",Pano,Lakas-Christian Muslim Democrats,7715
Iloilo,Ajuy,Councilor,"Babar, Melquiades Bacabac",B-Mel,Liberal Party,8355
Iloilo,Ajuy,Councilor,"Espinosa, Gracious Juridico",Grace,Liberal Party,8393
Iloilo,Ajuy,Councilor,"Dumayao, Pepe Diocos",Pepe,Lakas-Christian Muslim Democrats,8423
Iloilo,Ajuy,Councilor,"Rojas, Jose IV Castor",Toto Jose,Lakas-Christian Muslim Democrats,8484
Iloilo,Ajuy,Councilor,"Rojas, Jesus Jr. Degayo",Toto Jessie,Lakas-Christian Muslim Democrats,9202
Iloilo,Ajuy,Councilor,"Biclar, Abner Molina",Bok,-,9413
Iloilo,Alimodian,Mayor,"Alipao, Juanito Tuzon",Juaning,Lakas-Christian Muslim Democrats,8919
Iloilo,Alimodian,Vice-Mayor,"Alonsabe, Geefre Alojapan",Calay,Lakas-Christian Muslim Democrats,10426
Iloilo,Alimodian,Councilor,"Anibigno, Wilfredo Alpuerto",Freddie,Lakas-Christian Muslim Democrats,5552
Iloilo,Alimodian,Councilor,"Amba, Felicita Alinsao",Bignging,Lakas-Christian Muslim Democrats,6558
Iloilo,Alimodian,Councilor,"Almacen, Concepcion Andeo",Concep,Lakas-Christian Muslim Democrats,6746
Iloilo,Alimodian,Councilor,"Alonday, Nery Amantillo",Nery,Lakas-Christian Muslim Democrats,7302
Iloilo,Alimodian,Councilor,"Altubar, Larriette Amba",Bingbing,Lakas-Christian Muslim Democrats,7493
Iloilo,Alimodian,Councilor,"Allones, Nicanor Altamarino",Nick,Lakas-Kabalikat ng Malayang Pilipino,7656
Iloilo,Alimodian,Councilor,"Salarda, Julie Anas",Maam Jul,Lakas-Christian Muslim Democrats,7752
Iloilo,Alimodian,Councilor,"Alejo, Julius Kilayko",Nonoy,Liberal Party,5040
Iloilo,Anilao,Mayor,"Debuque, Joel Arandilla",Batok,Lakas-Christian Muslim Democrats,7529
Iloilo,Anilao,Vice-Mayor,"Sargado, June Deocampo",Pitsik,Lakas-Christian Muslim Democrats,8561
Iloilo,Anilao,Councilor,"Dian, Guillermo Arano",Molong,Lakas-Christian Muslim Democrats,4820
Iloilo,Anilao,Councilor,"Depakakibo, Agustin Zerrudo",Bebot,Lakas-Christian Muslim Democrats,5140
Iloilo,Anilao,Councilor,"Cabangal, Igmedio Jr. Demaisip",Nonoy Emee,Nacionalista Party,4731
Iloilo,Anilao,Councilor,"Arano, Melinde Dayot",Neneng,Lakas-Christian Muslim Democrats,5038
Iloilo,Anilao,Councilor,"Araneta, Warlito Aponte",Warlit,Lakas-Christian Muslim Democrats,4425
Iloilo,Anilao,Councilor,"Arabit, Jose Joey Bragancia",Jojo,Lakas-Christian Muslim Democrats,4806
Iloilo,Anilao,Councilor,"Acuesta, Allan Vasquez",Bongbong,Lakas-Christian Muslim Democrats,4249
Iloilo,Anilao,Councilor,"Umadhay, Stella Altamira",Inday,Lakas-Christian Muslim Democrats,4667
Iloilo,Badiangan,Mayor,"Mamon, Suzette Abunto",Suzette,Lakas-Christian Muslim Democrats,7945
Iloilo,Badiangan,Vice-Mayor,"Rendaje, Adrian Aportadera",Bebot,Lakas-Christian Muslim Democrats,5701
Iloilo,Badiangan,Councilor,"Oremo, Guilfred Garde",Motmot,Lakas-Christian Muslim Democrats,4073
Iloilo,Badiangan,Councilor,"Gerasol , Rolly  Porras",Rolly,Lakas-Christian Muslim Democrats,4103
Iloilo,Badiangan,Councilor,"Sabano, Jenie Acollador",Nens,Liberal Party,4476
Iloilo,Badiangan,Councilor,"Nobleza, Edward Porras",Ed,Lakas-Christian Muslim Democrats,4903
Iloilo,Badiangan,Councilor,"Gaje, Erwin Roy Jito",Wewin,Lakas-Christian Muslim Democrats,5032
Iloilo,Badiangan,Councilor,"Abordaje, Audie Ardiente",Auds,-,5189
Iloilo,Badiangan,Councilor,"Horlador, Lmichelli Kilayko",Mitch,Lakas-Christian Muslim Democrats,6068
Iloilo,Badiangan,Councilor,"Leal , Jose Elvi Violeta",Elvi,Lakas-Christian Muslim Democrats,3978
Iloilo,Balasan,Mayor,"Ganzon, Filomeno Villanueva",Nonoy Pilo,Lakas-Kabalikat ng Malayang Pilipino,6767
Iloilo,Balasan,Mayor,"Salcedo, Elizabeth Tad-Y",Betsy,Lakas-Christian Muslim Democrats,5547
Iloilo,Balasan,Vice-Mayor,"Ganzon, Simeon Ii Buenaflor",Nonoy Meo,-,8126
Iloilo,Balasan,Vice-Mayor,"Arcosa, John Ariola",Jun,Lakas-Christian Muslim Democrats,5166
Iloilo,Balasan,Councilor,"Abdallah , Patricia Bargo",Pat,Lakas-Kabalikat ng Malayang Pilipino,5364
Iloilo,Balasan,Councilor,"Parrenas, Jose Retirado",Joe,Lakas-Kabalikat ng Malayang Pilipino,3313
Iloilo,Balasan,Councilor,"Gabayeron, Lilibeth Buenafe",Bebing,Lakas-Christian Muslim Democrats,3331
Iloilo,Balasan,Councilor,"Francisco , Gilbert Arenajo",Gaf,Ugyon Party,3431
Iloilo,Balasan,Councilor,"Balida, Gerardo Langreo",Gerry,Ugyon Party,4096
Iloilo,Balasan,Councilor,"Badiango, Bobby Bastareche",Bambam,Ugyon Party,4306
Iloilo,Balasan,Councilor,"Lanciola, Romeo Cabibi",Roming,Lakas-Kabalikat ng Malayang Pilipino,4381
Iloilo,Balasan,Councilor,"Salcedo, Sandy Sr. Tad-Y",Sandy Boy,Lakas-Christian Muslim Democrats,5796
Iloilo,Balasan,Councilor,"Balida, Rainier Nabuab",Rdb,Ugyon Party,6357
Iloilo,Balasan,Councilor,"Colminares, Nestor Soriano",Baby Col,Lakas-Kabalikat ng Malayang Pilipino,4069
Iloilo,Balasan,Councilor,"Duremdes, Bernabe Bataga",Sipil,Lakas-Christian Muslim Democrats,4116
Iloilo,Balasan,Councilor,"Javelosa, Diana Ganzon",Dian,Ugyon Party,4162
Iloilo,Balasan,Councilor,"Pasco, Juber Huervana",Doc,Lakas-Kabalikat ng Malayang Pilipino,4198
Iloilo,Balasan,Councilor,"Jordan, El Vincidor Elisan",Bido,Ugyon Party,4235
Iloilo,Balasan,Councilor,"Baylen, Edgar Bermil",Ed,Lakas-Kabalikat ng Malayang Pilipino,4532
Iloilo,Balasan,Councilor,"Duremdes, Alonso Bataga",Alon,Lakas-Christian Muslim Democrats,3950
Iloilo,Banate,Mayor,"Cabangal, Carlos Jr. Omes",Insik,Lakas-Kabalikat ng Malayang Pilipino,8302
Iloilo,Banate,Vice-Mayor,"Palec, Exequiel Jr. Jimenea",Moroy,Lakas-Kabalikat ng Malayang Pilipino,7220
Iloilo,Banate,Councilor,"Caborubias, Renerose Betita",Inday Dot,Lakas-Christian Muslim Democrats,5683
Iloilo,Banate,Councilor,"Ballener, Gabriel Vargas",Moore,Lakas-Kabalikat ng Malayang Pilipino,4925
Iloilo,Banate,Councilor,"Estorque, Erlinda Biso",Lelit,Lakas-Christian Muslim Democrats,4969
Iloilo,Banate,Councilor,"Bagcal, Billy Monana",Nene Belo,Independent,5037
Iloilo,Banate,Councilor,"Acejo, Mary Ann Bejo",Mary Ann,-,5081
Iloilo,Banate,Councilor,"Banas, Jenkins Bachar",Toto Jb,Lakas-Kabalikat ng Malayang Pilipino,5260
Iloilo,Banate,Councilor,"Yucor, Arthur Dela  Concepcion","Thur, Art",Lakas-Kabalikat ng Malayang Pilipino,5539
Iloilo,Banate,Councilor,"Bagsit , Noel Omes",Boboy,Lakas-Kabalikat ng Malayang Pilipino,8462
Iloilo,Barotac Nuevo,Mayor,"Biron, Hernan Sr. Dusaban",-,-,12669
Iloilo,Barotac Nuevo,Vice-Mayor,"Hautea, Pedro Bayona",Indo,Lakas-Kabalikat ng Malayang Pilipino,10744
Iloilo,Barotac Nuevo,Councilor,"Bretana, Jose Durban",Kikik,Lakas-Christian Muslim Democrats,6503
Iloilo,Barotac Nuevo,Councilor,"Dolorfino, Fredo Acanto",Fred,Lakas-Christian Muslim Democrats,6590
Iloilo,Barotac Nuevo,Councilor,"Perez, Luis Bretana","Taing, Luis",Lakas-Christian Muslim Democrats,6674
Iloilo,Barotac Nuevo,Councilor,"Pendon, Cecilia Gumbao",Nicnic,Lakas-Kabalikat ng Malayang Pilipino,7216
Iloilo,Barotac Nuevo,Councilor,"Siaotong, Manuel Bayona",Manny,Lakas-Kabalikat ng Malayang Pilipino,8214
Iloilo,Barotac Nuevo,Councilor,"Caro, Danilo Miranda",Dan,Lakas-Kabalikat ng Malayang Pilipino,8336
Iloilo,Barotac Nuevo,Councilor,"Sarrosa, Rodolfo Jr. Sazon",Russ,Lakas-Christian Muslim Democrats,8340
Iloilo,Barotac Nuevo,Councilor,"Villanueva, Rodolfo Jr. Cenal",Boy,Lakas-Christian Muslim Democrats,6378
Iloilo,Barotac Viejo,Mayor,"Tupas, Raul Causing",Boboy,Liberal Party,12818
Iloilo,Barotac Viejo,Vice-Mayor,"Tugbang, Jovino Jr. Barrido",Toto Bingbang,Liberal Party,11766
Iloilo,Barotac Viejo,Councilor,"Dasilao, Florencio Bilbao",Bebot,Liberal Party,5638
Iloilo,Barotac Viejo,Councilor,"Balajadia, Perfecto Jr. Balasico",Toti,Lakas-Kabalikat ng Malayang Pilipino,6226
Iloilo,Barotac Viejo,Councilor,"Engada, Isidro Jr. Arpa",Jun,Ugyon Party,6405
Iloilo,Barotac Viejo,Councilor,"Pomado, Erlinda Declarador",Linda,Liberal Party,7081
Iloilo,Barotac Viejo,Councilor,"Angeles, Maricel Tudillo",Pangging,Liberal Party,7184
Iloilo,Barotac Viejo,Councilor,"Jaranilla, Angelica Tad-Y",Otay,Liberal Party,8025
Iloilo,Barotac Viejo,Councilor,"Valdez, Merelyn Paredes",Neneng,Lakas-Kabalikat ng Malayang Pilipino,8124
Iloilo,Barotac Viejo,Councilor,"Baretto, Ridgie Ballentes",Boy,Ugyon Party,5523
Iloilo,Batad,Mayor,"Alarcon, Elvira Panes",Little,Lakas-Christian Muslim Democrats,5290
Iloilo,Batad,Vice-Mayor,"Estebal, Harnie Sr. Barde",Harnie,Lakas-Christian Muslim Democrats,4488
Iloilo,Batad,Councilor,"Machan, Rico Cordero",Ting,Lakas-Kabalikat ng Malayang Pilipino,2608
Iloilo,Batad,Councilor,"Balete, Santos Jr. Francisco",Santos,Lakas-Christian Muslim Democrats,2684
Iloilo,Batad,Councilor,"Catequista, Franklin Noveno",Pangke,Ugyon Party,2844
Iloilo,Batad,Councilor,"Palmares, Evangeline Hortillosa",Vangie,Lakas-Christian Muslim Democrats,3499
Iloilo,Batad,Councilor,"Arcosa , Cresencio Morales",Dame,Lakas-Kabalikat ng Malayang Pilipino,3584
Iloilo,Batad,Councilor,"Colendres, Susan Alarcon",San,-,3878
Iloilo,Batad,Councilor,"Alado, Fely De Asis",Toto,Lakas-Christian Muslim Democrats,3986
Iloilo,Batad,Councilor,"Ballester, Rodolfo Anala",Colado,Lakas-Christian Muslim Democrats,2557
Iloilo,Bingawan,Mayor,"Palabrica, Matt Plagata",Toto Matt,Lakas-Kabalikat ng Malayang Pilipino,2919
Iloilo,Bingawan,Vice-Mayor,"Palabrica, Mark Plagata",Mark,Lakas-Kabalikat ng Malayang Pilipino,2753
Iloilo,Bingawan,Councilor,"Patriarca, Eleuterio Carneja",Onyok Patri,Lakas-Kabalikat ng Malayang Pilipino,1921
Iloilo,Bingawan,Councilor,"Genturo, Roger Castor",Roger,Lakas-Kabalikat ng Malayang Pilipino,2760
Iloilo,Bingawan,Councilor,"Faldas, Edwin Sanchez",Boyboy,Lakas-Christian Muslim Democrats,2021
Iloilo,Bingawan,Councilor,"Compas , Ronelo Quimba",Ronel,Lakas-Kabalikat ng Malayang Pilipino,2239
Iloilo,Bingawan,Councilor,"Celeste, Delia Cataluna",Del,Lakas-Christian Muslim Democrats,1806
Iloilo,Bingawan,Councilor,"Simora, Leovy Castronuevo",Leovy,Lakas-Kabalikat ng Malayang Pilipino,2198
Iloilo,Bingawan,Councilor,"Plaga, Rosalie Cataluna",Lally,Lakas-Christian Muslim Democrats,2224
Iloilo,Bingawan,Councilor,"Javellana, Wennie Pormilos",Inday Wen,Lakas-Kabalikat ng Malayang Pilipino,2992
Iloilo,Cabatuan,Mayor,"Chavez, Mildred Arban",Nenen Arban,-,3505
Iloilo,Cabatuan,Mayor,"Yee, Ramon Cao",Mon,-,14894
Iloilo,Cabatuan,Mayor,"Lao, Teodoro Caras",Doroy,-,8543
Iloilo,Cabatuan,Vice-Mayor,"Caspe, Ronilo Ontanillas",Ronnie,-,14086
Iloilo,Cabatuan,Vice-Mayor,"Lumampao, Cecilia Hiponia",Cecil,-,3588
Iloilo,Cabatuan,Councilor,"Maroma, Victor Sala",Sir Maroma,-,12603
Iloilo,Cabatuan,Councilor,"Otero, Norma Candelario",Inday Norma,-,3428
Iloilo,Cabatuan,Councilor,"Porras, Roselo Sobrevega",Celoy,-,3296
Iloilo,Cabatuan,Councilor,"Salcedo, Nixon Celis",Toto,-,3292
Iloilo,Cabatuan,Councilor,"Sepanton, Gaudencio Jr. Abico",Kalong,-,3778
Iloilo,Cabatuan,Councilor,"Sepanton , Rodel Padilla",Rodel,-,3206
Iloilo,Cabatuan,Councilor,"Teneso, Romeo Jr. Fuentes",Canoy,-,3598
Iloilo,Cabatuan,Councilor,"Cabacas, Ronald Calubia",Bombo Ronald,-,3889
Iloilo,Cabatuan,Councilor,"Almenana, Niel Penecilla",Nonoy,-,3356
Iloilo,Cabatuan,Councilor,"Cloma, Abelardo Sermito",Badoy,Lakas-Christian Muslim Democrats,6904
Iloilo,Cabatuan,Councilor,"Villalobos, Mariano Posada",Anong,-,7319
Iloilo,Cabatuan,Councilor,"Galindo, Anthony III Pueyo",Toting,-,7502
Iloilo,Cabatuan,Councilor,"Caballero, Noemi Garrido",Omeng,-,8669
Iloilo,Cabatuan,Councilor,"Amoroso, Nestor Camen",Sabak,-,8882
Iloilo,Cabatuan,Councilor,"Pancrodo, Josefino Jr. Caspe",Jun Jun,-,9005
Iloilo,Cabatuan,Councilor,"Amoroso, Salvador Camen",Badong,Lakas-Kabalikat ng Malayang Pilipino,6669
Iloilo,Calinog,Vice-Mayor,"Divinagracia, Salvador Jr. Castro",Badong,Liberal Party,8141
Iloilo,Calinog,Councilor,"Saturnino, Josefina Morano",Pin,Liberal Party,8023
Iloilo,Calinog,Councilor,"Castro, Corabella Surriga",Mam Castro,Liberal Party,7536
Iloilo,Calinog,Councilor,"Casinao, Renato Caro",Nato,Liberal Party,7412
Iloilo,Calinog,Councilor,"Saluria, Barsimeo Bosque",Barsing,Lakas-Christian Muslim Democrats,7035
Iloilo,Calinog,Councilor,"Dizon, Dino Candido",Den,Lakas-Christian Muslim Democrats,6938
Iloilo,Calinog,Councilor,"Castigador, Alex Concepcion",Ingkaw,Lakas-Christian Muslim Democrats,6830
Iloilo,Calinog,Councilor,"Sencil, Ramon Janeo",-,Lakas-Christian Muslim Democrats,6624
Iloilo,Calinog,Councilor,"Enriquez, Chito Abordo",Nene Melchor,Lakas-Christian Muslim Democrats,6467
Iloilo,Carles,Mayor,"Betita, Arnold Alfuente",Arnold,Lakas-Christian Muslim Democrats,10421
Iloilo,Carles,Vice-Mayor,"Dumayas, Rodolfo Jr. Sison",Doc,Independent,9115
Iloilo,Carles,Councilor,"Billones, Gil Villanueva",Nene Gil,Lakas-Kabalikat ng Malayang Pilipino,7319
Iloilo,Carles,Councilor,"Golingan, Olga Bernal",Bebing,Lakas-Christian Muslim Democrats,8375
Iloilo,Carles,Councilor,"Bernal, Felipe III Bartolome",Baby Boy,Lakas-Kabalikat ng Malayang Pilipino,5800
Iloilo,Carles,Councilor,"Andrada, Franklin Juele",Nene,Lakas-Christian Muslim Democrats,5348
Iloilo,Carles,Councilor,"Lopez, Marlou Dagohoy",To Kid Ol,Lakas-Kabalikat ng Malayang Pilipino,5549
Iloilo,Carles,Councilor,"Golingan, Henry David",Kengkoy,Lakas-Christian Muslim Democrats,5627
Iloilo,Carles,Councilor,"Bandojo, Leonardo Adrias",Arong,Ugyon Party,5695
Iloilo,Carles,Councilor,"Barbosa, Jelly Bebar",Neneng,Independent,6142
Iloilo,City of Passi,Mayor,"Chavez, Elyzer Castellano",Beyong,Lakas-Kabalikat ng Malayang Pilipino,15636
Iloilo,City of Passi,Vice-Mayor,"Palmares, Jovi Aguilar",Bitoy Barren,Lakas-Kabalikat ng Malayang Pilipino,16434
Iloilo,City of Passi,Councilor,"Layese, Ma Aura Eugenia Landar",Aura Landar,Lakas-Kabalikat ng Malayang Pilipino,10126
Iloilo,City of Passi,Councilor,"Pendon, Arvin Panes",Poypoy,Lakas-Kabalikat ng Malayang Pilipino,10297
Iloilo,City of Passi,Councilor,"Lico, Noe Aguilar",6-L,Lakas-Kabalikat ng Malayang Pilipino,10479
Iloilo,City of Passi,Councilor,"Masna, Juan Javellana",Doc,Lakas-Kabalikat ng Malayang Pilipino,10619
Iloilo,City of Passi,Councilor,"Padilla, Jayson Pamplona",Eson Moloy,Lakas-Kabalikat ng Malayang Pilipino,10733
Iloilo,City of Passi,Councilor,"Barbero, Bonifacio  Palma",Boning,Lakas-Kabalikat ng Malayang Pilipino,11242
Iloilo,City of Passi,Councilor,"Ligasan, Basilio Jr. Longno",Basil,Lakas-Kabalikat ng Malayang Pilipino,11413
Iloilo,City of Passi,Councilor,"Pama, Cenonito Sotelo",Nitoy,Lakas-Christian Muslim Democrats,11649
Iloilo,City of Passi,Councilor,"Palmares, Ma Gina Senina",Gina,Lakas-Kabalikat ng Malayang Pilipino,13157
Iloilo,City of Passi,Councilor,"Castellano, Tracy Ione Orquia",3S,Lakas-Christian Muslim Democrats,8361
Iloilo,Dingle,Mayor,"Palabrica, Rufino III Pablo",Beloy,Lakas-Christian Muslim Democrats,10301
Iloilo,Dingle,Vice-Mayor,"Lacson, Reblun Luntao",Inday,Lakas-Christian Muslim Democrats,5492
Iloilo,Dingle,Councilor,"Cabayao, Edwin Landoy",Nono,Lakas-Kabalikat ng Malayang Pilipino,6182
Iloilo,Dingle,Councilor,"Cahuya, Ronald Abang",Nonoy,Lakas-Christian Muslim Democrats,6322
Iloilo,Dingle,Councilor,"Quinlat, Wilfredo Sumbang",Boy,Lakas-Christian Muslim Democrats,6836
Iloilo,Dingle,Councilor,"Solinap, Marilyn Grecia",Neneng,Lakas-Christian Muslim Democrats,7084
Iloilo,Dingle,Councilor,"Sorianosos, Rufino Jr. Chiva",Nono,Lakas-Christian Muslim Democrats,7116
Iloilo,Dingle,Councilor,"Alecto, Jessie Maranon",Jess,Lakas-Christian Muslim Democrats,7182
Iloilo,Dingle,Councilor,"Rull, Jean Penalosa",Jiji,Lakas-Christian Muslim Democrats,7474
Iloilo,Dingle,Councilor,"Lumbo, Marbehn Andura",Biboy,Independent,5890
Iloilo,Duenas,Mayor,"Pama, Robert Martin Uytan",Bobet,Lakas-Christian Muslim Democrats,8997
Iloilo,Duenas,Vice-Mayor,"Piccio, Merloi Lamasan",Pangga,Lakas-Kabalikat ng Malayang Pilipino,6800
Iloilo,Duenas,Councilor,"Catalan, Welly Murillo",Naldo,Lakas-Christian Muslim Democrats,5110
Iloilo,Duenas,Councilor,"Pedroso, Arly Acullador",Apol,Lakas-Christian Muslim Democrats,5707
Iloilo,Duenas,Councilor,"Lamasan, Rey Espino",-,Lakas-Kabalikat ng Malayang Pilipino,5710
Iloilo,Duenas,Councilor,"Lozada, Renato Sr. Lustica",Ayot,Lakas-Christian Muslim Democrats,5848
Iloilo,Duenas,Councilor,"Estocada, Emma Raposo",Ems,Lakas-Christian Muslim Democrats,5898
Iloilo,Duenas,Councilor,"Pelopero, Mamerto III Legayada",Ninoy,Lakas-Christian Muslim Democrats,6222
Iloilo,Duenas,Councilor,"Pedregosa, Santiago Jr. Calvo",Jr.,Lakas-Christian Muslim Democrats,6376
Iloilo,Duenas,Councilor,"Pama, Julio Labos",Chef,Lakas-Christian Muslim Democrats,5094
Iloilo,Dumangas,Mayor,"Golez, Ronaldo Bayot",Onal,-,14491
Iloilo,Dumangas,Vice-Mayor,"Biron, Hernan Jr.  Gonzales",Jun,-,12497
Iloilo,Dumangas,Councilor,"Azucena, Dale Doronila",Bugoy,Lakas-Kabalikat ng Malayang Pilipino,8796
Iloilo,Dumangas,Councilor,"Deles, Nelson Doromal",Nel,Lakas-Christian Muslim Democrats,9565
Iloilo,Dumangas,Councilor,"Casco, Jesus De La Pena",Esoy,Lakas-Kabalikat ng Malayang Pilipino,9965
Iloilo,Dumangas,Councilor,"Benendicto, Buenvenida Jubac",Benny,Lakas-Christian Muslim Democrats,10145
Iloilo,Dumangas,Councilor,"Dolendo, Ian Joel Militar",Ian,Lakas-Kabalikat ng Malayang Pilipino,10708
Iloilo,Dumangas,Councilor,"De La Pena, Rene  Blancada",Tito Rene,Lakas-Christian Muslim Democrats,11310
Iloilo,Dumangas,Councilor,"Dolutan , Ian Ii Lastimoso",Toto I,Lakas-Kabalikat ng Malayang Pilipino,11395
Iloilo,Dumangas,Councilor,"Celeste, Alberto Delicana",Bombo Bert,Lakas-Christian Muslim Democrats,13536
Iloilo,Estancia,Mayor,"Mosqueda, Restituto Patricio",Toto Boy,Lakas-Christian Muslim Democrats,9828
Iloilo,Estancia,Vice-Mayor,"Aclaro, Rodoel Sr. Doromal",Butching,Liberal Party,6611
Iloilo,Estancia,Councilor,"Ravena, Rainier Baril",Abog,Lakas-Christian Muslim Democrats,6157
Iloilo,Estancia,Councilor,"Benid, Edmundo Arquintillo",Mon,Liberal Party,6388
Iloilo,Estancia,Councilor,"Bataga, Rey  Debil",Toto Rey,Lakas-Christian Muslim Democrats,6975
Iloilo,Estancia,Councilor,"Balingit, Wilson Uy",Boy Wilson,Lakas-Christian Muslim Democrats,6988
Iloilo,Estancia,Councilor,"Delgado, Serafin Datu On",Raffy,Liberal Party,6993
Iloilo,Estancia,Councilor,"Andreo, Jesus Demayo",Jess,Lakas-Christian Muslim Democrats,7069
Iloilo,Estancia,Councilor,"Placencia, Rowena Alpasan",Weng,-,7990
Iloilo,Estancia,Councilor,"Bacos, Arleen Tubilleja",Baoy,Lakas-Christian Muslim Democrats,6078
Iloilo,Guimbal,Mayor,"Garin, Christine Serag",Ting Ting,Lakas-Christian Muslim Democrats,13239
Iloilo,Guimbal,Vice-Mayor,"Suyao, Mary Ann Memis",Ann,Lakas-Christian Muslim Democrats,11789
Iloilo,Guimbal,Councilor,"Geolamin, Benito Gozante",Benny,Lakas-Kabalikat ng Malayang Pilipino,7040
Iloilo,Guimbal,Councilor,"Gelasan, Patricio Genovata",Kap Patring,-,7307
Iloilo,Guimbal,Councilor,"Sumido, Antonio Caserial",Tony,-,7372
Iloilo,Guimbal,Councilor,"Gonzales, Romeo Tantia",Romy,Lakas-Christian Muslim Democrats,7670
Iloilo,Guimbal,Councilor,"Garibay, Mario Louis Sr. Suarez",Marlou,Independent,7855
Iloilo,Guimbal,Councilor,"Gentolea, Nicolas Germinanda",Nick,Lakas-Christian Muslim Democrats,8187
Iloilo,Guimbal,Councilor,"Lencioco, Dolores Gelario",Dolo,-,8420
Iloilo,Guimbal,Councilor,"Genzola, Gregorio Garcesto",Greg,Lakas-Christian Muslim Democrats,6994
Iloilo,Igbaras,Mayor,"Esmeralda, Jaime Ecube",Toto James,Lakas-Christian Muslim Democrats,11328
Iloilo,Igbaras,Vice-Mayor,"Esporas, Jose Edmund Geroy",Baby,Lakas-Kabalikat ng Malayang Pilipino,7159
Iloilo,Igbaras,Councilor,"Graza, Jose Nilo Ealdama",Nilo,Independent,6918
Iloilo,Igbaras,Councilor,"Valera, Arturo Olivar",Doc,-,7364
Iloilo,Igbaras,Councilor,"Villanueva, Hajji Gegato",Luz,Lakas-Christian Muslim Democrats,6113
Iloilo,Igbaras,Councilor,"Espinosa, Romeo Eresuelo",Toti,Lakas-Christian Muslim Democrats,4667
Iloilo,Igbaras,Councilor,"Espina, Panfilo Esquera",Doc Pilo,Independent,4904
Iloilo,Igbaras,Councilor,"Dalmacio, Romana Lourdes Elpos",Nenet Elpos,Independent,5570
Iloilo,Igbaras,Councilor,"Elbanbuena, Francisco Esteves",Aksyon Iko,Lakas-Christian Muslim Democrats,5583
Iloilo,Igbaras,Councilor,"Penol, Ma Lourdes Fatima Empedrado",Fat,Lakas-Christian Muslim Democrats,6904
Iloilo,Iloilo City,Mayor,"Trenas, Jerry Perez",Jerry,Lakas-Christian Muslim Democrats,125375
Iloilo,Iloilo City,Mayor,"Belleza, Roel Tupas",Beboy,Lakas-Christian Muslim Democrats,3313
Iloilo,Iloilo City,Vice-Mayor,"Mabilog, Jed Patrick Escalanta",Jed,Lakas-Christian Muslim Democrats,129736
Iloilo,Iloilo City,Vice-Mayor,"Balasico, Jeanne Escoliada",Jiji,Lakas-Christian Muslim Democrats,4913
Iloilo,Iloilo City,Councilor,"Parcon, Armand Solas",Bombo Arman,Lakas-Christian Muslim Democrats,83611
Iloilo,Iloilo City,Councilor,"Espinosa, Jose III Sanson",Joe Iii,Lakas-Kabalikat ng Malayang Pilipino,82016
Iloilo,Iloilo City,Councilor,"Ganzon, Jeffrey Padoginog",Jeff,Lakas-Christian Muslim Democrats,81645
Iloilo,Iloilo City,Councilor,"Estante, Ely Jr. Armada",Bombo Ely,Lakas-Christian Muslim Democrats,73963
Iloilo,Iloilo City,Councilor,"Tupas, Nielex Causing",Lex,Ugyon Party,72387
Iloilo,Iloilo City,Councilor,"Zulueta, Perla Sucayan",Inday Perla,Partido ng Demokratikong Pilipino-Lakas ng Bayan,71055
Iloilo,Iloilo City,Councilor,"Penaredondo, Eduardo Lapastora",Ed,Lakas-Christian Muslim Democrats,68928
Iloilo,Iloilo City,Councilor,"Antiquera, Eldrid Catalan",Drid,-,60126
Iloilo,Iloilo City,Councilor,"Pesina, Antonio Jr. Villaruz",Tony,Lakas-Christian Muslim Democrats,85010
Iloilo,Iloilo City,Councilor,"Baronda, Julienne Linaogo",Jam-Jam,Lakas-Christian Muslim Democrats,88874
Iloilo,Iloilo City,Councilor,"Plagata , Erwin Jalbuena",Tongtong,Lakas-Christian Muslim Democrats,94321
Iloilo,Iloilo City,Councilor,"Balasico, Rojean Escoliada",Toto Boy,Lakas-Christian Muslim Democrats,2982
Iloilo,Iloilo City,Councilor,"Banggud, Erlina Basalatan",Deding,Ugyon Party,2913
Iloilo,Iloilo City,Councilor,"Gumban, Joe Mar Barrida",Nonong,Lakas-Christian Muslim Democrats,2704
Iloilo,Iloilo City,Councilor,"Delos Reyes, Melvin Reyes",Totong,Lakas-Christian Muslim Democrats,2507
Iloilo,Iloilo City,Councilor,"Ruto, Roger Entorque",Rr,Lakas-Christian Muslim Democrats,2359
Iloilo,Iloilo City,Councilor,"Falsis, Samuel Gallo",Sam,Lakas-Christian Muslim Democrats,2343
Iloilo,Iloilo City,Councilor,"Pontaoy, Marcelino Deano",Mario,Ugyon Party,2175
Iloilo,Iloilo City,Councilor,"Catedrilla, Melly Bangero",Mami Melly,Lakas-Christian Muslim Democrats,2084
Iloilo,Iloilo City,Councilor,"Acap, Lyndon Varona",Kap,Lakas-Christian Muslim Democrats,53270
Iloilo,Janiuay,Mayor,"Margarico, Bienvenido Pedregosa",Doc Ben,-,11053
Iloilo,Janiuay,Vice-Mayor,"Parian, Paulino Masado",Paul,Lakas-Christian Muslim Democrats,9626
Iloilo,Janiuay,Councilor,"Colada, Teresita Tan",Tisay,Lakas-Christian Muslim Democrats,7563
Iloilo,Janiuay,Councilor,"Salazar, Joachim Gabinete",Kim,Lakas-Christian Muslim Democrats,7625
Iloilo,Janiuay,Councilor,"Colada, Cecilia Adelantar",Celia,Lakas-Christian Muslim Democrats,8238
Iloilo,Janiuay,Councilor,"Alerta, Noel Almirante",Apad,Liberal Party,8256
Iloilo,Janiuay,Councilor,"Margarico, Michael Suarez",Mike,Lakas-Christian Muslim Democrats,8274
Iloilo,Janiuay,Councilor,"Abonado, Francisco Verueda",Soc,Lakas-Christian Muslim Democrats,8722
Iloilo,Janiuay,Councilor,"Del Campo, Larry Solidarios",Beben,Lakas-Christian Muslim Democrats,9029
Iloilo,Janiuay,Councilor,"Solidarios, Noe Allado",Noe,Liberal Party,9485
Iloilo,Lambunao,Mayor,"Tupas, Rosario Mediatrix Fernandez",Trixie,Lakas-Christian Muslim Democrats,7408
Iloilo,Lambunao,Mayor,"Gonzales, Reynor Ronces Valles",Gen,Lakas-Christian Muslim Democrats,12947
Iloilo,Lambunao,Vice-Mayor,"Paclibar, Julius Doregios",Oyok,Lakas-Christian Muslim Democrats,7673
Iloilo,Lambunao,Vice-Mayor,"Catedral, Pancho Gustilo",Pancho,Lakas-Christian Muslim Democrats,13468
Iloilo,Lambunao,Councilor,"Aljo, Josefino Jr. Alarba",Onyok,Lakas-Christian Muslim Democrats,4755
Iloilo,Lambunao,Councilor,"Leba, Juan Leagogo",Owa,Liberal Party,7296
Iloilo,Lambunao,Councilor,"Losbanes, Norlene Lauron",Bombo Norlene,Liberal Party,7391
Iloilo,Lambunao,Councilor,"Librodo, Pura Legayada",Baby,Lakas-Christian Muslim Democrats,7529
Iloilo,Lambunao,Councilor,"Catedral, Marichu Azamar",-,Lakas-Christian Muslim Democrats,7685
Iloilo,Lambunao,Councilor,"Legayada, Mariano Larroza",Maning,Lakas-Christian Muslim Democrats,7696
Iloilo,Lambunao,Councilor,"Gonzales, Cesar Legarda",Sar,Lakas-Christian Muslim Democrats,7959
Iloilo,Lambunao,Councilor,"Lavilla, German Lizada",Gauden,Lakas-Christian Muslim Democrats,8196
Iloilo,Lambunao,Councilor,"Ladigohon, Mariano Porras",Maning,Liberal Party,9257
Iloilo,Lambunao,Councilor,"Lapasaran, Agustin Sr. Caspe",Usting,Lakas-Kabalikat ng Malayang Pilipino,4851
Iloilo,Lambunao,Councilor,"Sumagpao, Carlos  Pacardo",Katong,Lakas-Christian Muslim Democrats,4839
Iloilo,Lambunao,Councilor,"Cordero, Thaddeus Sorongon",Biboy,Lakas-Christian Muslim Democrats,4277
Iloilo,Lambunao,Councilor,"Palomado, Edmundo Palmes",Moroy,-,5441
Iloilo,Lambunao,Councilor,"Panes, Marino Mallorca",Menong,-,5106
Iloilo,Lambunao,Councilor,"Parreno, Evangeline Pagurayan",Vangie,-,5577
Iloilo,Leganes,Mayor,"Jaen, Adolfo Espinosa",Adop,Lakas-Kabalikat ng Malayang Pilipino,6624
Iloilo,Leganes,Vice-Mayor,"Jagunap, Dionzon Belandres",Jag,Lakas-Kabalikat ng Malayang Pilipino,6441
Iloilo,Leganes,Councilor,"Jaen, Vicente Ii Pabiona",Junjun,Lakas-Christian Muslim Democrats,5239
Iloilo,Leganes,Councilor,"Jinon, Epifania Anuales",Fanay,Nationalist People's Coalition,5515
Iloilo,Leganes,Councilor,"Espano, Joseph Allen Dormitorio",Allen,Lakas-Christian Muslim Democrats,5643
Iloilo,Leganes,Councilor,"Arguelles, Rene Hervias",Totong,Nationalist People's Coalition,5784
Iloilo,Leganes,Councilor,"Unarce, Antonio Vargas",Tony Lampitaw,Lakas-Christian Muslim Democrats,5807
Iloilo,Leganes,Councilor,"Maranon, Jose Romi Sobrevega",Dodong,Nationalist People's Coalition,6343
Iloilo,Leganes,Councilor,"Quidato, Andres Jagunap",Doc,-,6351
Iloilo,Leganes,Councilor,"Galve, Alexander Selauso",Dodoy,Lakas-Christian Muslim Democrats,5098
Iloilo,Leon,Mayor,"Cabana, Romulo Sr. Caguimbay",Molo,Lakas-Kabalikat ng Malayang Pilipino,11511
Iloilo,Leon,Vice-Mayor,"Cajilig, Rolito Calambuhay",Lito,Lakas-Kabalikat ng Malayang Pilipino,10549
Iloilo,Leon,Councilor,"Cagampang, Romeo Sabidacas",Boy Sunog,Lakas-Christian Muslim Democrats,7218
Iloilo,Leon,Councilor,"Camposano, Lorenzo Canillas",Boy Larry,Ugyon Party,7267
Iloilo,Leon,Councilor,"Calfoforo, Wilane Suay",Inday,Independent,7282
Iloilo,Leon,Councilor,"Beatingo, Abe Jr. Nabong",Kid,Ugyon Party,7338
Iloilo,Leon,Councilor,"Capilastique, Edwin Capilastique",Bok Ed,Lakas-Christian Muslim Democrats,8255
Iloilo,Leon,Councilor,"Capaque, Rey Villa",Toto Rey,Lakas-Christian Muslim Democrats,8491
Iloilo,Leon,Councilor,"Holipas, Ma Lina Cabana",Malin,Lakas-Christian Muslim Democrats,9960
Iloilo,Leon,Councilor,"Caigoy, Armando Dujon",Mando,Ugyon Party,6297
Iloilo,Maasin,Mayor,"Malones, Mariano Jr. Dioso",Jing,Lakas-Christian Muslim Democrats,6777
Iloilo,Maasin,Vice-Mayor,"Albacete, Vicente Artieda",Itik,-,7120
Iloilo,Maasin,Councilor,"Piolo , Manuel Magnetico",Tawi,Liberal Party,5209
Iloilo,Maasin,Councilor,"Espino, Edwin Pajado",Coach,Liberal Party,5314
Iloilo,Maasin,Councilor,"Mondejar, Exmila Cajilig",Mila,-,5742
Iloilo,Maasin,Councilor,"Lope , Meredith Memorando",Medit,Lakas-Christian Muslim Democrats,5818
Iloilo,Maasin,Councilor,"Lopera, Esteban Mouna",Dodoy,Lakas-Christian Muslim Democrats,6168
Iloilo,Maasin,Councilor,"Bombita, Dioden Segura",Dodoy,Liberal Party,6406
Iloilo,Maasin,Councilor,"Amboy, Francis Alicante",Ansing,Lakas-Christian Muslim Democrats,6826
Iloilo,Maasin,Councilor,"Bermudo, Jose  Mesitas",Renan,Lakas-Christian Muslim Democrats,6952
Iloilo,Miagao,Mayor,"Flores, Julieta Noble",Juliet,Liberal Party,16109
Iloilo,Miagao,Vice-Mayor,"Noble, Jose Rey Nolledo",Joerey,Liberal Party,15348
Iloilo,Miagao,Councilor,"Paulma, Orlando Sencida",Orly,Ugyon Party,9922
Iloilo,Miagao,Councilor,"Ninonuevo, Santos Nacional",Roming,Liberal Party,10198
Iloilo,Miagao,Councilor,"Nismal, Ramon Jr. Mujal",Monit,Liberal Party,13451
Iloilo,Miagao,Councilor,"Torrecampo, Jessica Palmos",Jeck,Liberal Party,13066
Iloilo,Miagao,Councilor,"Magallanes, Eliezer Polistico",Zer,Liberal Party,11585
Iloilo,Miagao,Councilor,"Go, Suzita Merza",Chuchi,Liberal Party,10451
Iloilo,Miagao,Councilor,"Facon, Raul Fantilagan",Dodoy,Liberal Party,14162
Iloilo,Miagao,Councilor,"Naldoza, Leonardo Nono",Nardo,Lakas-Christian Muslim Democrats,10012
Iloilo,Mina,Mayor,"Grabato, Rey Pelaez",Rpg,Lakas-Christian Muslim Democrats,7044
Iloilo,Mina,Vice-Mayor,"Dableo, Evangeline Davila",Evan,Liberal Party,3724
Iloilo,Mina,Councilor,"Zuniega, Eloisa Defensor",Cana,Lakas-Christian Muslim Democrats,4217
Iloilo,Mina,Councilor,"Pecina, Ireneo Defensor",Sir Iyong,Lakas-Christian Muslim Democrats,5706
Iloilo,Mina,Councilor,"Grabato, Cleofe Armonio",Fe,Partido ng Demokratikong Pilipino-Lakas ng Bayan,3929
Iloilo,Mina,Councilor,"Parreno, Ernesto Parayao",Erning,Lakas-Christian Muslim Democrats,3600
Iloilo,Mina,Councilor,"Sucaldito-Abistano, Shirley Leda",Shie,Lakas-Christian Muslim Democrats,3719
Iloilo,Mina,Councilor,"Agot , Cherrie Ann Dato-On",Ann,Lakas-Christian Muslim Democrats,3836
Iloilo,Mina,Councilor,"Grabato, Giovani Rentoy",Boy,Lakas-Christian Muslim Democrats,3523
Iloilo,Mina,Councilor,"Chichirita, Bernardino Pequierda",-,Lakas-Christian Muslim Democrats,4988
Iloilo,New Lucena,Mayor,"Seville, Liecel Mondejar",Liecel,Lakas-Christian Muslim Democrats,5938
Iloilo,New Lucena,Vice-Mayor,"Sibolinao, Nestor Simora",Nestor,Lakas-Christian Muslim Democrats,5905
Iloilo,New Lucena,Councilor,"Panican, Samson Sr. Suelo",Sammy,Lakas-Christian Muslim Democrats,4571
Iloilo,New Lucena,Councilor,"Mana-Ay, Lorenzo Bunol",Owen,Lakas-Christian Muslim Democrats,4702
Iloilo,New Lucena,Councilor,"Imperial, Potenciano Jr. Panisa",Poten,Lakas-Christian Muslim Democrats,4500
Iloilo,New Lucena,Councilor,"Balentos, Nilo Sonza",Palong,Lakas-Christian Muslim Democrats,4045
Iloilo,New Lucena,Councilor,"Armentia, Ma Luisa  Sudario",Loy,Lakas-Christian Muslim Democrats,3928
Iloilo,New Lucena,Councilor,"Araneta, Jacinto Sumagaysay",Intoy,Liberal Party,4268
Iloilo,New Lucena,Councilor,"Acuero, Henry Betigon",Rey,Lakas-Christian Muslim Democrats,4897
Iloilo,New Lucena,Councilor,"Sornito, Jose Eliezar Sumbillo",Bimbo,Lakas-Christian Muslim Democrats,5179
Iloilo,Oton,Mayor,"Flores, Vicente Jr. Borres",Vincent,Lakas-Christian Muslim Democrats,17225
Iloilo,Oton,Vice-Mayor,"Olivares, Jose Neil  Portugalete",Neil,Liberal Party,15741
Iloilo,Oton,Councilor,"Carreon, Simplicio Jr. Rivera",Pesyong,Liberal Party,9853
Iloilo,Oton,Councilor,"Digao, Cesar Bravo",Sar,Lakas-Christian Muslim Democrats,10603
Iloilo,Oton,Councilor,"Olivares, Virginia Fuentesfina",Binyang,Lakas-Christian Muslim Democrats,10695
Iloilo,Oton,Councilor,"Ezpeleta, Francisca Carreon",Pakit,Liberal Party,11458
Iloilo,Oton,Councilor,"Guevara, Pablo Jr. Supena",Jr Guevara,Lakas-Christian Muslim Democrats,11981
Iloilo,Oton,Councilor,"Flores, Felix Laureano",Totik,Lakas-Christian Muslim Democrats,12249
Iloilo,Oton,Councilor,"Villavicencio, Eusebio Jr. Gatuteo",Boy,Lakas-Christian Muslim Democrats,15298
Iloilo,Oton,Councilor,"Gepayo, Antonio Hadji Cordova",Brod,Lakas-Christian Muslim Democrats,9435
Iloilo,Pavia,Mayor,"Gorriceta, Arcadio Hitalia",Cadio,Lakas-Christian Muslim Democrats,12002
Iloilo,Pavia,Vice-Mayor,"Hisancha, Guillermo Hubines",Gimo,Lakas-Christian Muslim Democrats,10949
Iloilo,Pavia,Councilor,"Gonzaga, Otoniel Bayot",Bing,Lakas-Christian Muslim Democrats,6729
Iloilo,Pavia,Councilor,"Caronongan, Felix Jr.  Aletin",Tonol,Lakas-Christian Muslim Democrats,6919
Iloilo,Pavia,Councilor,"Hismana, Sheila Gerochi",Gerochi Hismaa,Lakas-Christian Muslim Democrats,7244
Iloilo,Pavia,Councilor,"Gumban, Gynnyn Guzman",Gyn,Liberal Party,7875
Iloilo,Pavia,Councilor,"Trimanez, Precilla Dorillo",Tita Precy,Lakas-Christian Muslim Democrats,8217
Iloilo,Pavia,Councilor,"Belasa, Leonardo Lucena",Boboy,Lakas-Christian Muslim Democrats,8720
Iloilo,Pavia,Councilor,"Gorriceta, Michael Barrido",Mike,Lakas-Christian Muslim Democrats,10926
Iloilo,Pavia,Councilor,"Animas, Jacinto Guarnes",Asing,Lakas-Kabalikat ng Malayang Pilipino,6419
Iloilo,Pototan,Mayor,"Perez, Pablo Ledesma",Ito,Lakas-Christian Muslim Democrats,12509
Iloilo,Pototan,Vice-Mayor,"Lazaro, Rafael Enrique Parcon",Adi,-,12777
Iloilo,Pototan,Councilor,"Gonzales, Lilia Yusay",Mommy,Liberal Party,8812
Iloilo,Pototan,Councilor,"Tionko, Eugenio Tirador",Boy,Liberal Party,8865
Iloilo,Pototan,Councilor,"Guanco, Paolo Magalona",Pao,Lakas-Christian Muslim Democrats,9101
Iloilo,Pototan,Councilor,"Pasuelo, Nonito Sr. Magbanua",Fevhoy,Lakas-Kabalikat ng Malayang Pilipino,9701
Iloilo,Pototan,Councilor,"Ilisan, Romualdo Joselito Magbanua",Lito,Liberal Party,11642
Iloilo,Pototan,Councilor,"Cordero, Fraulin Perez",Palpal,Liberal Party,11959
Iloilo,Pototan,Councilor,"Penaflorida, Kent Roger Hugo",Kent,Independent,13085
Iloilo,Pototan,Councilor,"Pulmones, Domingo Alerta",Inggoy,Liberal Party,8748
Iloilo,San Dionisio,Mayor,"Villarico, Gregorio Salvilla",Greg,Lakas-Christian Muslim Democrats,5654
Iloilo,San Dionisio,Mayor,"Maquino, Isabelo Jaculo",Beloy,Lakas-Christian Muslim Democrats,10940
Iloilo,San Dionisio,Mayor,"Villanueva, Pio Bullos",Pio,Lakas-Christian Muslim Democrats,7267
Iloilo,San Dionisio,Vice-Mayor,"Saclauso, Victor Suarez",Vic,-,6118
Iloilo,San Dionisio,Vice-Mayor,"Delgado, Rodulfo Jr. Siwa",Nocnoc,Lakas-Kabalikat ng Malayang Pilipino,11785
Iloilo,San Dionisio,Vice-Mayor,"Lopez, Peter Paul King",Peter,Lakas-Kabalikat ng Malayang Pilipino,4795
Iloilo,San Dionisio,Councilor,"Licup, Ramon Martin Delgado",Bingbong,Lakas-Christian Muslim Democrats,8337
Iloilo,San Dionisio,Councilor,"Gumban, Remegio Soriano",Remdel,Ugyon Party,8112
Iloilo,San Dionisio,Councilor,"Vistavilla, Ramon Magnifico",Mon,Lakas-Christian Muslim Democrats,5825
Iloilo,San Dionisio,Councilor,"Tuden, Dioscoro Jr. Bolivar",Junior,Lakas-Christian Muslim Democrats,5559
Iloilo,San Dionisio,Councilor,"Villanueva, Larry -",-,Lakas-Christian Muslim Democrats,5119
Iloilo,San Dionisio,Councilor,"Tubar, Romualdo Aro",Maldo,Lakas-Kabalikat ng Malayang Pilipino,4638
Iloilo,San Dionisio,Councilor,"Lumawag, Adonis Jr. Bano",Nonoy,Lakas-Christian Muslim Democrats,4629
Iloilo,San Dionisio,Councilor,"Bartolome, Liberty Siray",Chief,Lakas-Christian Muslim Democrats,4517
Iloilo,San Dionisio,Councilor,"Hechanova, Rodolfo Baldoza",Col,Lakas-Christian Muslim Democrats,4056
Iloilo,San Dionisio,Councilor,"Belita, Vincent Hipolito",Vincent,Lakas-Christian Muslim Democrats,3873
Iloilo,San Dionisio,Councilor,"Sumaylo, Manuel Sumbilla",Doc,Lakas-Christian Muslim Democrats,8497
Iloilo,San Dionisio,Councilor,"Sonza, Bonifacio Simora",Boning,Lakas-Christian Muslim Democrats,8536
Iloilo,San Dionisio,Councilor,"Sumagpao, Arnulfo Cabardo",Butcho,Lakas-Christian Muslim Democrats,8715
Iloilo,San Dionisio,Councilor,"Sanchez, Rochin Sherwin Saclauso",Sherwin,Liberal Party,5948
Iloilo,San Dionisio,Councilor,"Fuentes, Maria Elena Suero",Morena,Lakas-Christian Muslim Democrats,5875
Iloilo,San Dionisio,Councilor,"Salapantan, Bonifacio Jr. Sampong",Boning,Independent,5245
Iloilo,San Dionisio,Councilor,"Mondejar, Je  Samarista",Jeboy,-,5150
Iloilo,San Dionisio,Councilor,"Sales, Frince Mama-Ay",Pal,Independent,4953
Iloilo,San Dionisio,Councilor,"Sale, Dunstan Claudio Salanio",Don,Lakas-Christian Muslim Democrats,4790
Iloilo,San Dionisio,Councilor,"Tomo, Charlie Alalon",Jojo,Liberal Party,4521
Iloilo,San Dionisio,Councilor,"Delgado, George Salarda",Toto George,Lakas-Christian Muslim Democrats,4399
Iloilo,San Dionisio,Councilor,"Somo, Rema Borlado",Rem,Ugyon Party,11077
Iloilo,San Dionisio,Councilor,"Octaviano, Dennis Suelo",Bombo Dennis,Lakas-Christian Muslim Democrats,10808
Iloilo,San Dionisio,Councilor,"Senupe, Juan Jr. Capiton",Toto Uwa,-,9698
Iloilo,San Dionisio,Councilor,"Dapat, Policarpio Ardiente",Capo,-,4352
Iloilo,San Joaquin,Mayor,"Garin, Ninfa Serag",Neneng,Lakas-Christian Muslim Democrats,14412
Iloilo,San Joaquin,Vice-Mayor,"Alcalde, Aquiles Servento",Badoy,Lakas-Kabalikat ng Malayang Pilipino,13330
Iloilo,San Joaquin,Councilor,"Servidad, Eduardo Siga-An",Eddie,Lakas-Christian Muslim Democrats,10003
Iloilo,San Joaquin,Councilor,"Serag, Marcelo Valentine Santocildes",Val,Lakas-Christian Muslim Democrats,11345
Iloilo,San Joaquin,Councilor,"Santacera, Erlinda Fajarillo",Endang,Lakas-Christian Muslim Democrats,6524
Iloilo,San Joaquin,Councilor,"Nacion, Francisco Jr. Sealza",Iko,Lakas-Christian Muslim Democrats,8012
Iloilo,San Joaquin,Councilor,"Getuya, Marvigrace Sta Cruz",Taba,Independent,7643
Iloilo,San Joaquin,Councilor,"Diez, Bernaro Sealquil",Nonoy,Lakas-Christian Muslim Democrats,9511
Iloilo,San Joaquin,Councilor,"Cervantes, Gloria Sapalo",Glo,Lakas-Christian Muslim Democrats,6591
Iloilo,San Joaquin,Councilor,"Silfavan, Marilyn Mondragon",Pangging,Lakas-Christian Muslim Democrats,12012
Iloilo,Sara,Mayor,"Salcedo, Ermelita Cacao",Inday,Liberal Party,11048
Iloilo,Sara,Vice-Mayor,"Salcedo, Neptali Posadas",Toto Tali,Lakas-Kabalikat ng Malayang Pilipino,9478
Iloilo,Sara,Councilor,"Muyco, Murve Doronila",Nonoy Murve,Lakas-Kabalikat ng Malayang Pilipino,8886
Iloilo,Sara,Councilor,"Belonio, Ninfa Salcedo",Inday Ninfa,Lakas-Christian Muslim Democrats,9599
Iloilo,Sara,Councilor,"Bernal, Rodolfo Libreja",Opong,Lakas-Christian Muslim Democrats,8876
Iloilo,Sara,Councilor,"Tedoco , Antonio Martin III Salcedo",Ton,Liberal Party,7689
Iloilo,Sara,Councilor,"Salcedo, Noel Posadas",Nonoy Noel,Lakas-Christian Muslim Democrats,8216
Iloilo,Sara,Councilor,"Salcedo, Louella Degayo",Nene Louella,Liberal Party,6637
Iloilo,Sara,Councilor,"Salcedo, Francis Xavier Aldeguer",Nonoy Francis,Lakas-Christian Muslim Democrats,7777
Iloilo,Sara,Councilor,"Del Castillo, Nerly Salcedo",Inday Nerly,Lakas-Kabalikat ng Malayang Pilipino,7884
Iloilo,Tigbauan,Mayor,"Torres, James Excelsior Monte Alegre",Excel,Liberal Party,13922
Iloilo,Tigbauan,Vice-Mayor,"Jarina, Roel Taneza",Dok Biboy,Lakas-Kabalikat ng Malayang Pilipino,13886
Iloilo,Tigbauan,Councilor,"Torrato, Elmer Tuble",Pato,Liberal Party,8473
Iloilo,Tigbauan,Councilor,"Arias, Loreta Lungay",Nene,Liberal Party,8893
Iloilo,Tigbauan,Councilor,"Turalba, Norberto Tugado",Norbing,Liberal Party,8940
Iloilo,Tigbauan,Councilor,"Terunez, Marlon Regidor",Marlon,Liberal Party,9360
Iloilo,Tigbauan,Councilor,"Tumabotabo, Agaton Omayao",Aton,Lakas-Christian Muslim Democrats,9506
Iloilo,Tigbauan,Councilor,"Alquisada, Suzette Tenefrancia",Zette,Lakas-Christian Muslim Democrats,9632
Iloilo,Tigbauan,Councilor,"Hilado-Banno, Suzette Marie Taleon",Nenet,Liberal Party,10214
Iloilo,Tigbauan,Councilor,"Tavarro, Jose Jr. T.",-,-,8917
Iloilo,Tubungan,Mayor,"Tabaquirao, Victor Tababa",Vic,Lakas-Christian Muslim Democrats,5788
Iloilo,Tubungan,Vice-Mayor,"Aranda, Job Talento",Job,-,5183
Iloilo,Tubungan,Councilor,"Tacadao, Francisco Tadina",Iko,-,4124
Iloilo,Tubungan,Councilor,"Taninas, Arturo Tamisen",Arty,-,4320
Iloilo,Tubungan,Councilor,"Tamises, Eugenio Tagapolot",Gene,-,4545
Iloilo,Tubungan,Councilor,"Tacadao, Mayolo Deocampo",Mayong,-,4677
Iloilo,Tubungan,Councilor,"Gargaritano, Vicente Jr. Tabucoran",Etik,-,4740
Iloilo,Tubungan,Councilor,"Escobanez, Danilo Ellama",Danny,-,4963
Iloilo,Tubungan,Councilor,"Talledo, Gorgonio Tamallana",Toto Goniong,-,4785
Iloilo,Tubungan,Councilor,"Tagabi, Pedro Capinolo",P-Doy,-,4034
Iloilo,Zarraga,Mayor,"Brazas, Gregorio Suelo",Rigor,Lakas-Christian Muslim Democrats,6261
Iloilo,Zarraga,Vice-Mayor,"Silveo, Jeffrey Matutina",Toto Balonglong,Ugyon Party,4717
Iloilo,Zarraga,Councilor,"Guadalupe , Jose Erwin Sortigosa",Aksyon Erwin,Lakas-Christian Muslim Democrats,3627
Iloilo,Zarraga,Councilor,"Millan, Joel Pedregosa",Joel,Ugyon Party,4157
Iloilo,Zarraga,Councilor,"Alor, Ramon Patubo",Mon,Lakas-Christian Muslim Democrats,4181
Iloilo,Zarraga,Councilor,"Diestro, Tarcila Martirizar",Tars,Ugyon Party,4458
Iloilo,Zarraga,Councilor,"Lacson, Michael Omar Lacson",Omar,-,5071
Iloilo,Zarraga,Councilor,"Plana, Rafael Ariel Carmelo Obordo",B-Poy,Lakas-Christian Muslim Democrats,5863
Iloilo,Zarraga,Councilor,"Soldevilla, Jofel Maranon",Bombo Jofel,Independent,6399
Iloilo,Zarraga,Councilor,"Sindico, Esteban Solo",Teban,Independent,3602
